"Language","original","english","czech","german","russian","polish","hungarian","italian","spanish","french","chinese","japanese","portuguese","chinesesimp",
"Language","original","english","czech","german","russian","polish","hungarian","italian","spanish","french","chinese","japanese","portuguese","chinesesimp",
"STR_Mutant_Ent","Ent","Ent","Ant","Ent","Энт","ENT","Ent","ENT","ENT","Ent","耳鼻喉科","Ent","Ent","耳鼻喉科",
"STR_Mutant_Ent_t","The Ents are the ancient shepherds of the forests and allies of the free peoples. The most prominent figure among the Ents is Treebeard, aka Fangorn. The Ents spoke their own language, but apparently they knew both Quenya, Sindarin, and Westron, since many of the Ents' names have obvious Elvish loanwords, and their own language has Quenya roots.","The Ents are the ancient shepherds of the forests and allies of the free peoples. The most prominent figure among the Ents is Treebeard, aka Fangorn. The Ents spoke their own language, but apparently they knew both Quenya, Sindarin, and Westron, since many of the Ents' names have obvious Elvish loanwords, and their own language has Quenya roots.","Entové jsou starověcí pastýři lesů a spojenci svobodných národů. Nejvýraznější postavou mezi entami je Stromboli, aka Fangorn. Antové mluvili vlastním jazykem, ale zřejmě věděli jak Quenya, tak Sindarin a westron, protože mnoho jmen entů má explicitní elfské výpůjčky a jejich vlastní jazyk má kvénské kořeny.","Die Entes sind alte Hirten der Wälder und Verbündete freier Völker. Die prominenteste Figur unter den Entenarten ist der Baumgarten, auch bekannt als Fangorn. Die Ents sprachen ihre eigene Sprache, wussten aber anscheinend sowohl Quenja als auch Sindarin und Westron, da viele Ents-Namen explizite elbische Ausleihen haben und ihre eigene Sprache kvenische Wurzeln hat.","Энты являются древними пастырями лесов и союзниками свободных народов. Наиболее заметной фигурой среди энтов является Древобород, он же Фангорн. Говорили энты на собственном языке, но знали, видимо, и квенья, и синдарин, и вестрон, так как многие имена энтов имеют явные эльфийские заимствования, а их собственный язык имеет квенийские корни.","Entowie są starożytnymi pasterzami lasów i sojusznikami wolnych narodów. Najbardziej widoczną postacią wśród entów jest Treebeard, znany również jako Fangorn. Entowie mówili własnym językiem, ale najwyraźniej znali zarówno Quenya, Sindarin, jak i vestron, ponieważ wiele imion entów ma wyraźne zaciągnięcia elfów, a ich własny język ma korzenie quenian.","Az entek az erdők ősi pásztorai és a szabad népek szövetségesei. Az entek közül a legkiemelkedőbb alak a Treebeard, más néven Fangorn. Az entek a saját nyelvüket beszélték, de nyilvánvalóan ismerték mind a Quenyát, mind a Sindarint és a Westront, mivel sok ENT nevének nyilvánvaló Elf kölcsönszavai vannak, és saját nyelvüknek Quenya gyökerei vannak.","Gli Ent sono antichi pastori delle foreste e alleati dei popoli liberi. La figura più importante tra gli Ent è Barbalbero, alias Fangorn. Gli Ent parlavano la loro lingua, ma a quanto pare conoscevano sia Quenya, Sindarin e westron, poiché molti nomi ENT hanno evidenti prestiti elfici e la loro lingua ha radici Quenya.","Los ENTS son antiguos pastores de los bosques y aliados de los pueblos libres. La figura más notable entre los ENTS es el barbudo, también conocido como fangorn. Los entes hablaban su propio idioma, pero al parecer sabían Quenya, Sindarin y vestron, ya que muchos de los nombres de los entes tienen préstamos élficos explícitos y su propio idioma tiene raíces quenias.","Les ent sont d'anciens pasteurs des forêts et alliés des peuples libres. La figure la plus notable parmi les Entes est la barbe à Bois, alias Fangorn. Les Entes parlaient leur propre langue, mais ils savaient apparemment quenya, sindarin et westron, car de nombreux noms d'Entes ont des emprunts elfiques évidents et leur propre langue a des racines quenya.","恩特人是森林的古老牧羊人和自由人民的盟友。 Ents中最突出的人物是Treebeard，又名Fangorn。 Ents说他们自己的语言，但显然他们知道Quenya，Sindarin和Westron，因为许多Ents的名字都有明显的精灵外来词，他们自己的语言有Quenya根源。","エントは、森の古代の羊飼いであり、自由民の同盟国です。 エントの中で最も著名な人物は、ツリービアード、別名ファンゴーンです。 エントは独自の言語を話しましたが、エントの名前の多くには明らかなエルフの借用語があり、独自の言語にはクエンヤのルーツがあるため、クエンヤ、シンダリン、ウェストロンの両方を知っていたようです。","Os ents são antigos Pastores das florestas e aliados dos povos livres. A figura mais notável entre os Ents é Barbárvore, também conhecido como Fangorn. Os ents falavam sua própria língua, mas aparentemente conheciam Quenya, Sindarin e Westron, já que muitos nomes ents têm empréstimos эльficos óbvios, e sua própria língua tem raízes quenianas.","恩特人是森林的古老牧羊人和自由人民的盟友。 Ents中最突出的人物是Treebeard，又名Fangorn。 Ents说他们自己的语言，但显然他们知道Quenya，Sindarin和Westron，因为许多Ents的名字都有明显的精灵外来词，他们自己的语言有Quenya根源。",
"STR_Ent_head","Ent's Head","Ent's Head","Entova Hlava","Ents Kopf","Голова Энта","Głowa ENT","Ent feje","Testa Di Ent","Cabeza De ENT","Tête D'Ent","耳鼻喉科的头","エントの頭","Cabeça Ent","耳鼻喉科的头",
"STR_Ent_head_medium","The Head of the Wise Ent","The Head of the Wise Ent","Hlava moudrého Anta","Der Kopf des weisen Ent","Голова мудрого Энта","Głowa mądrego Entusa","A bölcs Ent feje","La testa del saggio ENT","Cabeza del sabio ENT","La tête du sage Ent","智者之首","賢いEntの頭","Cabeça do Ent sábio","智者之首",
"STR_Ent_head_hard","The head of a strong Ent","The head of a strong Ent","Hlava silného ENT","Kopf des starken Ent","Голова сильного Энта","Głowa silnego ENT","Az erős Ent feje","Forte testa ENT","Cabeza de ENT fuerte","La tête d'un Ent fort","强耳鼻喉科的头","強いEntの頭","Cabeça do Ent forte","强耳鼻喉科的头",
"STR_RuneStone_Fire","Rune of Fire","Rune of Fire","Runa ohně","Feuer-Rune","Руна огня","Runa ognia","Tűz rúna","Runa del fuoco","Runa de fuego","Rune de feu","火之符文","火のルーン","Runa de fogo","火之符文",
"STR_RuneStone_Fire1","The rune of fire is the rune of aspiration and the embodiment of aspirations, which means it is the rune of speech, since in the Nordic tradition speech and the verb have always been associated with the embodiment of intention.","The rune of fire is the rune of aspiration and the embodiment of aspirations, which means it is the rune of speech, since in the Nordic tradition speech and the verb have always been associated with the embodiment of intention.","Runa ohně je runa aspirace a inkarnace aspirací, a tedy runa řeči, protože v nordické tradici byla řeč, sloveso vždy spojováno s ztělesněním záměru.","Die Feuerrune ist die Rune des Strebens und der Verkörperung von Bestrebungen und damit die Rune der Rede, da in der nordischen Tradition Sprache, das Verb immer mit der Verkörperung von Absicht in Verbindung gebracht wurde.","Руна огня - это руна устремления и воплощения стремлений, а значит — руна речи, поскольку в нордической традиции речь, глагол всегда ассоциировались с воплощением намерения.","Runa ognia jest runą aspiracji i ucieleśnienia aspiracji, co oznacza runę mowy, ponieważ w tradycji nordyckiej mowa, czasownik zawsze kojarzył się z ucieleśnieniem intencji.","A tűz rúnája a törekvés rúnája és a törekvések megtestesülése, ami azt jelenti, hogy a beszéd rúnája, mivel az Északi hagyományban a beszéd és az ige mindig a szándék megtestesülésével társult.","La runa del fuoco è la runa dell'aspirazione e l'incarnazione delle aspirazioni, e quindi la runa del discorso, poiché nella tradizione nordica il discorso, il verbo è sempre stato associato all'incarnazione dell'intenzione.","La runa del fuego es la runa de la aspiración y la encarnación de las aspiraciones, lo que significa la runa del habla, ya que en la tradición nórdica, el habla y el verbo siempre se han asociado con la encarnación de la intención.","La rune du feu est la rune de l'aspiration et de l'incarnation des aspirations, et donc la rune du discours, puisque dans la tradition nordique le discours, le verbe ont toujours été associés à l'incarnation de l'intention.","火的符文是愿望的符文和愿望的体现，这意味着它是言语的符文，因为在北欧传统中，言语和动词一直与意图的体现联系在一起。","火のルーンは願望のルーンであり、願望の具現化であり、北欧の伝統ではスピーチと動詞は常に意図の具現化に関連しているため、スピーチのルーンであるこ","A runa do fogo é a runa da aspiração e da encarnação das aspirações, o que significa a runa da fala, já que na tradição nórdica a fala, o verbo sempre foi associado à encarnação da intenção.","火的符文是愿望的符文和愿望的体现，这意味着它是言语的符文，因为在北欧传统中，言语和动词一直与意图的体现联系在一起。",
"STR_RuneStone_FireSmall","The rune of fire is small","The rune of fire is small","Runa ohně malá","Kleine Rune des Feuers","Руна огня малая","Runa ognia mała","A tűz rúnája kicsi","Runa del fuoco piccola","Runa de fuego pequeña","Petite rune de feu","火之符小","火のルーンは小さい","Runa de fogo pequena","火之符小",
"STR_RuneStone_FireSmall1","The small rune of fire is a rune of aspiration and the embodiment of aspirations, which means it is a rune of speech, since in the Nordic tradition speech and the verb have always been associated with the embodiment of intention.","The small rune of fire is a rune of aspiration and the embodiment of aspirations, which means it is a rune of speech, since in the Nordic tradition speech and the verb have always been associated with the embodiment of intention.","Runa ohně malá je runa aspirace a inkarnace aspirací, a tedy runa řeči, protože v nordické tradici byla řeč, sloveso vždy spojováno s ztělesněním záměru.","Eine kleine Feuerrune ist eine Rune des Strebens und der Verkörperung von Bestrebungen und damit eine Sprachrune, da in der nordischen Tradition Sprache, das Verb immer mit der Verkörperung von Absicht in Verbindung gebracht wurde.","Руна огня малая - это руна устремления и воплощения стремлений, а значит — руна речи, поскольку в нордической традиции речь, глагол всегда ассоциировались с воплощением намерения.","Mała runa ognia jest runą aspiracji i ucieleśnienia aspiracji, co oznacza runę mowy, ponieważ w tradycji nordyckiej mowa, czasownik zawsze kojarzył się z ucieleśnieniem intencji.","A tűz kis rúnája a törekvés rúnája és a törekvések megtestesülése, ami azt jelenti, hogy a beszéd rúnája, mivel az Északi hagyományban a beszéd és az ige mindig a szándék megtestesülésével társult.","La runa del fuoco minore è la runa dell'aspirazione e dell'incarnazione delle aspirazioni, e quindi la runa del discorso, poiché nella tradizione nordica il discorso, il verbo è sempre stato associato all'incarnazione dell'intenzione.","La runa de fuego menor es la runa de la aspiración y la encarnación de las aspiraciones, y por lo tanto, la runa del habla, ya que en la tradición nórdica, el habla y el verbo siempre se asociaron con la encarnación de la intención.","La rune du feu est la rune de l'aspiration et de l'incarnation des aspirations, et donc la rune du discours, puisque dans la tradition nordique le discours, le verbe ont toujours été associés à l'incarnation de l'intention.","火的小符文是渴望的符文和愿望的体现，这意味着它是言语的符文，因为在北欧传统中，言语和动词一直与意图的体现联系在一起。","火の小さなルーンは願望のルーンであり、願望の具現化であり、北欧の伝統ではスピーチと動詞は常に意図の具現化に関連しているため、スピーチのルーンで","A runa pequena do fogo é a runa da aspiração e da encarnação das aspirações, o que significa a runa da fala, já que na tradição nórdica a fala, o verbo sempre foi associado à encarnação da intenção.","火的小符文是渴望的符文和愿望的体现，这意味着它是言语的符文，因为在北欧传统中，言语和动词一直与意图的体现联系在一起。",
"STR_RuneStone_Ice","Rune of Ice","Rune of Ice","Runa ledu","Eis-Rune","Руна льда","Runa lodu","Jég rúna","Rune di ghiaccio","Runa de hielo","Rune de glace","冰之符文","氷のルーン","Runa de gelo","冰之符文",
"STR_RuneStone_Ice1","The Rune of ice is the eleventh rune of the elder and Anglo-Saxon Futhark and the ninth rune of the younger Futhark.","The Rune of ice is the eleventh rune of the elder and Anglo-Saxon Futhark and the ninth rune of the younger Futhark.","Runa ledu je jedenáctá runa staršího a anglosaského futarka a devátá runa mladšího futarka.","Die Eisrune ist die elfte Rune des älteren und angelsächsischen Futarks und die neunte Rune des Junior Futarks.","Руна льда -  одиннадцатая руна старшего и англосаксонского футарков и девятая руна младшего футарка.","Runa lodu-jedenasta runa futharka starszego i anglosaskiego oraz dziewiąta runa futharka młodszego.","A jég rúna az idősebb és az angolszász Futhark tizenegyedik rúnája és a fiatalabb Futhark kilencedik rúnája.","La runa del ghiaccio è l'undicesima runa del Futhark senior e anglosassone e la nona runa del Futhark Junior.","La runa de hielo es la undécima runa del Futhark mayor y anglosajón y la novena runa del Futhark menor.","La rune de glace est la onzième rune des futarks aînés et Anglo-saxons et la neuvième rune des futarks juniors.","冰之符文是长老和盎格鲁撒克逊人富塔克的第十一个符文，也是年轻的富塔克的第九个符文。","氷のルーンは、長老とアングロサクソンのフサークの11番目のルーンであり、若いフサークの9番目のルーンです。","A runa de gelo é a décima primeira Runa dos futarks mais velhos e anglo-saxões e a nona Runa dos futarks mais jovens.","冰之符文是长老和盎格鲁撒克逊人富塔克的第十一个符文，也是年轻的富塔克的第九个符文。",
"STR_RuneStone_IceSmall","The rune of ice is small","The rune of ice is small","Runa ledu malá","Kleine Eisrune","Руна льда малая","Runa lodowa mała","A jég rúna kicsi","Runa di ghiaccio piccola","Runa de hielo pequeña","Petite rune de glace","冰的符文很小","氷のルーンは小さい","Runa de gelo pequena","冰的符文很小",
"STR_RuneStone_Ice1Small","The rune of ice minor is the eleventh rune of the elder and Anglo-Saxon Futhark and the ninth rune of the younger Futhark.","The rune of ice minor is the eleventh rune of the elder and Anglo-Saxon Futhark and the ninth rune of the younger Futhark.","Runa ledu malá je jedenáctou runou starších a anglosaských futarků a devátou runou mladšího futarka.","Die kleine Rune des Eises ist die elfte Rune des älteren und angelsächsischen Futarks und die neunte Rune des Junior Futarks.","Руна льда малая  -  одиннадцатая руна старшего и англосаксонского футарков и девятая руна младшего футарка.","Runa lodowa mała-jedenasta runa futarka starszego i anglosaskiego oraz dziewiąta runa futarka młodszego.","Az ice minor rúna az idősebb és az angolszász Futhark tizenegyedik rúnája, a fiatalabb Futhark kilencedik rúnája.","La runa del ghiaccio minore è l'undicesima runa del Futhark maggiore e anglosassone e la nona runa del Futhark minore.","La runa de hielo menor es la undécima runa del Futhark mayor y anglosajón y la novena runa del Futhark menor.","La petite rune de glace est la onzième rune des futarks plus âgés et Anglo-saxons et la neuvième rune des futarks plus jeunes.","冰小调的符文是长老和盎格鲁撒克逊人富塔克的第十一个符文和年轻的富塔克的第九个符文。","氷のマイナーのルーンは、長老とアングロサクソンのフサークの11番目のルーンであり、若いフサークの9番目のルーンです。","A runa de gelo menor é a décima primeira Runa dos futarks mais velhos e anglo-saxões e a nona Runa dos futarks mais jovens.","冰小调的符文是长老和盎格鲁撒克逊人富塔克的第十一个符文和年轻的富塔克的第九个符文。",
"STR_RuneStone_Storm","The Wind Rune","The Wind Rune","Runa větru","Wind-Rune","Руна ветра","Runa wiatru","A Szél Rúna","Runa del vento","Runa del viento","Rune du vent","风符文","風のルーン","Runa do vento","风符文",
"STR_RuneStone_Storm1","The wind rune is the ninth rune of the Slavic (Venedian) runic series, which is considered the rune of Veles, the god of wisdom, art and nature.","The wind rune is the ninth rune of the Slavic (Venedian) runic series, which is considered the rune of Veles, the god of wisdom, art and nature.","Runa větru je devátou runou slovanské (vídeňské) Runové řady, která je považována za runu Velese, boha moudrosti, umění a přírody.","Die Windrune ist die neunte Rune der slawischen Runenreihe, die als Rune von Veles, dem Gott der Weisheit, der Kunst und der Natur, angesehen wird.","Руна ветра - девятая руна славянского (венедского) рунического ряда, которая считается руной Велеса, бога мудрости, искусства и природы.","Runa wiatru dziewiąta runa słowiańskiej (wenedyjskiej) serii runicznej, która jest uważana za runę Velesa, boga mądrości, sztuki i natury.","A szél rúna a szláv (Venedian) rúna sorozat kilencedik rúnája, amely Veles rúnája, a bölcsesség, a művészet és a természet Istene.","La runa del vento è la nona Runa della serie runica slava (vened), considerata la runa di Veles, il dio della saggezza, dell'arte e della natura.","La runa del viento es la novena runa de la serie rúnica eslava (venediana), que se considera la runa de Vélez, el Dios de la sabiduría, el arte y la naturaleza.","La rune du vent est la neuvième rune de la série runique slave (vened), considérée comme la rune de Vélès, Dieu de la sagesse, de l'art et de la nature.","风符文是斯拉夫（Venedian）符文系列的第九个符文，被认为是智慧，艺术和自然之神韦莱斯的符文。","風のルーン文字は、知恵、芸術、自然の神であるヴェレスのルーン文字と見なされているスラブ（ベネディアン）ルーン文字シリーズの9番目のルーン文字です。","A runa do vento é a nona runa da série rúnica eslava (Veneda), que é considerada a runa de Veles, o deus da sabedoria, arte e natureza.","风符文是斯拉夫（Venedian）符文系列的第九个符文，被认为是智慧，艺术和自然之神韦莱斯的符文。",
"STR_RuneStone_StormSmall1","The small wind rune is the ninth rune of the Slavic (Venedian) runic series, which is considered the rune of Veles, the god of wisdom, art and nature.","The small wind rune is the ninth rune of the Slavic (Venedian) runic series, which is considered the rune of Veles, the god of wisdom, art and nature.","Větrná runa malá je devátou runou slovanské (vídeňské) Runové řady, která je považována za runu Velese, boha moudrosti, umění a přírody.","Die Windrune ist die neunte Rune der slawischen Runenreihe, die als Rune von Veles, dem Gott der Weisheit, der Kunst und der Natur, angesehen wird.","Руна ветра малая - девятая руна славянского (венедского) рунического ряда, которая считается руной Велеса, бога мудрости, искусства и природы.","Runa wiatru mała dziewiąta runa słowiańskiego (wenedyjskiego) szeregu runicznego, która jest uważana za runę Velesa, boga mądrości, sztuki i natury.","A kis szél rúna a szláv (Venedian) rúna sorozat kilencedik rúnája, amely Veles rúnája, a bölcsesség, a művészet és a természet Istene.","La runa del vento minore è la nona Runa della serie runica slava (vened), che è considerata la runa di Veles, il dio della saggezza, dell'arte e della natura.","La runa del viento es la novena runa de la serie rúnica eslava (venediana), que se considera la runa de Vélez, el Dios de la sabiduría, el arte y la naturaleza.","La rune du vent est la neuvième rune de la série runique slave (vened), considérée comme la rune de Vélès, Dieu de la sagesse, de l'art et de la nature.","小风符文是斯拉夫（Venedian）符文系列的第九个符文，被认为是智慧，艺术和自然之神韦莱斯的符文。","小さな風のルーンは、知恵、芸術、自然の神であるヴェレスのルーンと見なされているスラブ（ベネディアン）ルーン文字シリーズの9番目のルーン文字です。","A runa do vento é a nona runa da série rúnica eslava (Veneda), que é considerada a runa de Veles, o deus da sabedoria, arte e natureza.","小风符文是斯拉夫（Venedian）符文系列的第九个符文，被认为是智慧，艺术和自然之神韦莱斯的符文。",
"STR_RuneStone_StormSmall","The wind Rune is small","The wind Rune is small","Větrná runa malá","Windrune klein","Руна ветра малая","Runa wiatru mała","A szél Rúna kicsi","Runa del vento piccola","Runa del viento pequeña","Petite rune de vent","风符小","風のルーンは小さいです","Runa pequena do vento","风符小",
"STR_Spider_Lapka","Spider's Foot","Spider's Foot","Pavoučí noha","Spinnenfuß","Лапка паука","Łapka pająka","Pók lába","Piede di ragno","Pata de araña","Patte d'araignée","蜘蛛的脚","クモの足","Pé de aranha","蜘蛛的脚",
"STR_Mutant_Spider","Spider","Spider","Pavouk","Spinne","Паук","Pająk","Spider","Ragno","Araña","Araignée","蜘蛛","スパイダー","Aranha","蜘蛛",
"STR_Mutant_Spider1","A mutant spider cub","A mutant spider cub","Mládě pavouka mutanta","Baby der Mutanten-Spinne","Детеныш паука мутанта","Zmutowane dziecko pająka","Egy mutáns Spider cub","Cucciolo di ragno mutante","Cachorro de araña mutante","Ourson d'araignée de mutant","一只变异蜘蛛幼崽","ミュータントスパイダーカブ","Filhote de aranha mutante","一只变异蜘蛛幼崽",
"STR_Mutant_Spider2","The male mutant spider","The male mutant spider","Samec pavouka mutanta","Männchen der Mutanten-Spinne","Самец паука мутанта","Samiec mutanta pająka","A hím mutáns pók","Ragno mutante maschio","Araña mutante macho","Araignée mutante mâle","雄性变异蜘蛛","雄の突然変異クモ","Aranha macho mutante","雄性变异蜘蛛",
"STR_Mutant_Spider3","Female mutant spider","Female mutant spider","Samice pavouka mutanta","Weibliche Mutantenspinne","Самка паука мутанта","Samica mutanta pająka","Női mutáns pók","Ragno mutante femmina","Hembra araña mutante","Araignée mutante femelle","雌性变异蜘蛛","女性の突然変異体のスパイダー","Aranha fêmea mutante","雌性变异蜘蛛",
"STR_Magic_Kirka","Magic Pickaxe","Magic Pickaxe","Magický krumpáč","Magische Spitzhacke","Магическая кирка","Magiczny kilof","Mágikus Csákány","Piccone magico","Pico mágico","Pioche magique","魔术镐","魔法のつるはし","Picareta mágica","魔术镐",
"STR_Magic_Kirka1","A magic pickaxe with which you can crush the totems of the Ents","A magic pickaxe with which you can crush the totems of the Ents","Kouzelný krumpáč, pomocí kterého můžete rozdrtit totemy entů","Eine magische Spitzhacke, mit der du Ententotems zerquetschen kannst","Магическая кирка, с помощью которой можно дробить тотемы Энтов","Magiczny kilof, za pomocą którego możesz zmiażdżyć totemy ENT","Egy mágikus csákány, amellyel összetörheti az Ents totemeit","Un piccone magico con cui puoi schiacciare i totem degli Ent","Pico mágico con el que puedes aplastar tótems ENTS","Pioche magique avec laquelle vous pouvez écraser les totems des Ents","一个神奇的鹤嘴锄，你可以用它粉碎恩特人的图腾","あなたがエントのトーテムを粉砕することができる魔法のつるはし","Picareta mágica com a qual você pode esmagar totens Ent","一个神奇的鹤嘴锄，你可以用它粉碎恩特人的图腾",
"STR_Zanoza_eye","Splinter eyes","Splinter eyes","Oči třísky","Augen sind Splitter","Глаза занозы","Oczy drzazgi","Splinter eyes","Occhi scheggia","Ojos astilla","Les yeux de l'éclat","分裂的眼睛","スプリンター-アイズ","Olhos lascas","分裂的眼睛",
"STR_Zanoza_stick","Splinter tail","Splinter tail","Ocas třísky","Splitterschwanz","Хвост занозы","Ogon drzazgi","Szilánk farok","Coda scheggia","Cola de astilla","Queue d'écharde","分裂的尾巴","スプリンターテール","Lascas de cauda","分裂的尾巴",
"STR_Mutant_Zanoza","A splinter","A splinter","Tříska","Splitter","Заноза","Drzazga","Egy szilánk","Scheggia","Rancajo","Écharde","一个碎片","破片","Lasca","一个碎片",
"STR_Mutant_Zanoza1","A splinter is a mutant that appeared as a result of a stick insect mutation, a distinctive feature is glowing red eyes in the dark","A splinter is a mutant that appeared as a result of a stick insect mutation, a distinctive feature is glowing red eyes in the dark","Tříska-mutant, který se objevil v důsledku mutace tyčinky, charakteristickým znakem jsou svítící červené oči ve tmě","Der Splitter ist eine Mutante, die als Folge der Mutation des Stäbchens erscheint, ein Markenzeichen sind die leuchtenden roten Augen im Dunkeln","Заноза - мутант появившийся в результате мутации палочника, отличительная черта - светящиеся красные глаза в темноте","Drzazga - mutant, który pojawił się w wyniku mutacji patyka, charakterystyczną cechą są świecące czerwone oczy w ciemności","A szilánk egy mutáns, amely egy bot rovar mutáció eredményeként jelent meg, megkülönböztető jellemzője a sötétben izzó vörös szem","Scheggia-un mutante che è apparso a seguito di una mutazione del bastone, una caratteristica distintiva sono gli occhi rossi luminosi al buio","Astilla-mutante apareció como resultado de la mutación del palo, una característica distintiva - ojos rojos brillantes en la oscuridad","L'écharde est un mutant apparu à la suite d'une mutation du bâtard, la caractéristique distinctive est les yeux rouges brillants dans l'obscurité","碎片是一种突变体，由于棒状昆虫突变而出现，其显着特征是在黑暗中发光的红色眼睛","破片は棒状の昆虫の突然変異の結果として現れた突然変異体であり、独特の特徴は暗闇の中で赤い目を輝かせることです","Lasca-mutante resultante de uma mutação de varinha, uma característica distintiva - olhos vermelhos brilhantes no escuro","碎片是一种突变体，由于棒状昆虫突变而出现，其显着特征是在黑暗中发光的红色眼睛",
"STR_RuneStone_Bereza","Birch Rune","Birch Rune","Runa bříza","Rune Birke","Руна берёза","Brzoza runa","Nyírfa Rúna","Runa di betulla","Runa de abedul","Rune bouleau","桦木符文","バーチルーン","Runa bétula","桦木符文",
"STR_RuneStone_Bereza1","According to the source, the birch tree in Scandinavian mythology symbolizes the beginning, renewal and new opportunities.","According to the source, the birch tree in Scandinavian mythology symbolizes the beginning, renewal and new opportunities.","Podle zdroje bříza ve skandinávské mytologii symbolizuje začátek, obnovu a nové možnosti.","Der Quelle zufolge symbolisiert die Birke in der skandinavischen Mythologie den Anfang, die Erneuerung und neue Möglichkeiten.","Согласно источнику, береза в скандинавской мифологии символизирует начало, обновление и новые возможности.","Według źródła brzoza w mitologii nordyckiej symbolizuje początek, odnowę i nowe możliwości.","A forrás szerint a skandináv mitológiában a nyírfa szimbolizálja a kezdetet, a megújulást és az új lehetőségeket.","Secondo la fonte, la betulla nella mitologia norrena simboleggia l'inizio, il rinnovamento e le nuove possibilità.","Según la fuente, el abedul en la mitología nórdica simboliza el comienzo, la renovación y las nuevas posibilidades.","Selon la source, le bouleau dans la mythologie nordique symbolise le début, le renouvellement et les nouvelles possibilités.","根据消息来源，斯堪的纳维亚神话中的桦树象征着开始，更新和新的机会。","情報源によると、スカンジナビアの神話の白樺の木は、始まり、更新、そして新しい機会を象徴しています。","De acordo com a fonte, a bétula na mitologia nórdica simboliza o início, renovação e novas possibilidades.","根据消息来源，斯堪的纳维亚神话中的桦树象征着开始，更新和新的机会。",
"STR_RuneStone_Bog","The Rune of God","The Rune of God","Runa Boží","Die Rune Gottes","Руна Бога","Runa Boga","Isten rúnája","Runa Di Dio","Runa De Dios","Rune De Dieu","上帝的符文","神のルーン","Runa De Deus","上帝的符文",
"STR_RuneStone_Bog1","The fourth rune of the elder, younger and Anglo-Saxon Futhark. In the older futhark (ᚨ) denotes the sound [a] and its reconstructed name ansuz - god or a representative of the genus of Aces","The fourth rune of the elder, younger and Anglo-Saxon Futhark. In the older futhark (ᚨ) denotes the sound [a] and its reconstructed name ansuz - god or a representative of the genus of Aces","Čtvrtá rouna starších, mladších a anglosaských futarků. Ve starší futarce (ᚨ) označuje zvuk [a] a její rekonstruovaný název ansuz je Bůh nebo zástupce rodu asů","Die vierte Rune des älteren, jüngeren und angelsächsischen Futarks. Im älteren Futarke bedeutet (ᚨ) den Klang [a] und seinen rekonstruierten Namen ansuz - Gott oder Vertreter der Asse","Четвёртая руна старшего, младшего и англосаксонского футарков. В старшем футарке (ᚨ) обозначает звук [a] и реконструированное её название  ansuz -  бог или представитель рода асов","Czwarta runa starszego, młodszego i anglosaskiego futarka. W starszym Futhark (ᚨ) oznacza dźwięk [a] i zrekonstruowaną jego nazwę ansuz-Bóg lub przedstawiciel rodu asów","Az idősebb, a fiatalabb és az angolszász Futhark negyedik rúnája. A régebbi futhark (6) jelöli a hang [A] és annak rekonstruált neve ansuz-Isten vagy képviselője a nemzetség ász","Quarta Runa dei Futhark senior, junior e anglosassone. Nel futharka anziano (ᚨ) denota il suono [a] e il suo nome ricostruito ansuz-un Dio o un membro della famiglia degli assi","La cuarta runa de los futarcos mayores, menores y anglosajones. El Futhark mayor (ᚨ) denota el sonido [a] y su nombre reconstruido ansuz es un Dios o representante del linaje de los ases","La quatrième rune des futarks aînés, juniors et Anglo-saxons. Dans l'ancien futarka (ᚨ) désigne le son [a] et son nom est ansuz-Dieu ou représentant de la famille des as","第四个符文的长老，年轻和盎格鲁-撒克逊富塔克。 在较旧的futhark（ᚨ）表示声音[a]及其重建的名称ansuz-god或Aces属的代表","長老、若い、アングロサクソンの4番目のルーンFuthark。 古いfutharkでは、音[a]とその再構築された名前ansuz-god、またはAces属の代表を示します","A quarta Runa dos futarks mais velhos, mais jovens e anglo-saxões. No Futhark mais velho (ᚨ) denota o som [a] e seu nome reconstruído ansuz-Deus ou representante da família ases","第四个符文的长老，年轻和盎格鲁-撒克逊富塔克。 在较旧的futhark（ᚨ）表示声音[a]及其重建的名称ansuz-god或Aces属的代表",
"STR_RuneStone_Chelovek","Rune man","Rune man","Runa muž","Rune Mann","Руна человек","Rune Man","Rune man","Runa uomo","Runa hombre","Rune homme","符文人","ルーンマン","Runa homem","符文人",
"STR_RuneStone_Chelovek1","Mannaz is the twentieth rune of the elder Futhark and the thirteenth rune of the younger Futhark. The name literally means man, man. It means the sound [m].","Mannaz is the twentieth rune of the elder Futhark and the thirteenth rune of the younger Futhark. The name literally means man, man. It means the sound [m].","Mannaz je dvacátá runa staršího futarka a třináctá runa mladšího futarka. Jméno doslova znamená člověk, muž. Znamená zvuk [m].","Mannaz ist die zwanzigste Rune des älteren Futarks und die dreizehnte Rune des jüngeren Futarks. Der Name bedeutet wörtlich Mann, Mann. Bedeutet [m] -Ton.","Ма́нназ — двадцатая руна старшего футарка и тринадцатая руна младшего футарка. Название буквально означает человек, мужчина. Означает звук [m].","Mannaz to dwudziesta runa starszego futharka i trzynasta runa młodszego futharka. Nazwa dosłownie oznacza człowieka, człowieka. Oznacza dźwięk [m].","Mannaz az idősebb Futhark huszadik rúnája, a fiatalabb Futhark tizenharmadik rúnája. A név szó szerint embert jelent, ember. Ez azt jelenti, hogy a hang [m].","Mannaz è la ventesima runa del Futhark senior e la tredicesima runa del Futhark Junior. Il nome significa letteralmente uomo, uomo. Significa suono [m].","Mannaz es la vigésima runa del Futhark mayor y la decimotercera runa del Futhark menor. El nombre significa literalmente hombre, hombre. Significa sonido [m].","Mannaz est la vingtième rune du futarka senior et la treizième rune du futarka Junior. Le nom signifie littéralement homme, homme. Signifie son [m].","曼纳兹是长老富塔克的第二十个符文，也是年轻富塔克的第十三个符文。 这个名字的字面意思是男人，男人。 意思是声音[m]。","Mannazは、長老Futharkの20番目のルーン文字であり、若いFutharkの13番目のルーン文字です。 名前は文字通り男、男を意味します。 それは音[m]を意味します。","Mannaz é a vigésima runa do futarc mais velho e a décima terceira runa do futarc mais jovem. O nome significa literalmente homem, homem. Significa o som [m].","曼纳兹是长老富塔克的第二十个符文，也是年轻富塔克的第十三个符文。 这个名字的字面意思是男人，男人。 意思是声音[m]。",
"STR_RuneStone_Day","Rune of the Day","Rune of the Day","Runa dne","Rune des Tages","Руна дня","Runa dnia","A nap rúnája","Runa del giorno","Runa del día","Rune du jour","一天的符文","今日のルーン","Runa do dia","一天的符文",
"STR_RuneStone_Day1","Slavic Rune Day: the general meaning and interpretation in fortune telling. The rune embodies the power and light that give life to everything on earth.","Slavic Rune Day: the general meaning and interpretation in fortune telling. The rune embodies the power and light that give life to everything on earth.","Slovanská runa den: obecný význam a výklad v věštění. Runa představuje sílu a světlo, které dává život všemu na zemi.","Slawische Rune Tag: allgemeine Bedeutung und Interpretation in der Wahrsagerei. Die Rune verkörpert die Kraft und das Licht, die allen auf der Erde Leben geben.","Славянская руна День: общее значение и толкование в гадании. Руна олицетворяющая силу и свет, которые дают жизнь всему на земле.","Słowiańska runa dzień: ogólne znaczenie i interpretacja w wróżeniu. Runa reprezentuje moc i światło, które dają życie wszystkim na ziemi.","Szláv Rúna nap: a jóslás általános jelentése és értelmezése. A rúna megtestesíti azt az erőt és fényt, amely életet ad mindennek a földön.","Giorno della runa slava: significato generale e interpretazione nella divinazione. La runa rappresenta il potere e la luce che danno vita a tutto sulla terra.","Runa eslava Día: el significado general y la interpretación en la adivinación. La runa representa el poder y la luz que dan vida a todo en la tierra.","Slave rune Day: signification générale et interprétation dans la divination. La rune représente la force et la lumière qui donnent vie à tout sur terre.","斯拉夫符文日：算命中的一般意义和解释。 符文体现了赋予地球上一切生命的力量和光。","スラブのルーンの日：占いにおける一般的な意味と解釈。 ルーンは、地球上のすべてに命を与える力と光を体現しています。","Runa eslava Dia: significado geral e interpretação na adivinhação. A runa representa a força e a luz que dão vida a tudo na terra.","斯拉夫符文日：算命中的一般意义和解释。 符文体现了赋予地球上一切生命的力量和光。",
"STR_RuneStone_KladesPamyati1","Perth (ᛈ) is the fourteenth rune of the elder and Anglo-Saxon Futhark. Indicates the sound [p]. ","Perth (ᛈ) is the fourteenth rune of the elder and Anglo-Saxon Futhark. Indicates the sound [p]. ","Perth (ᛈ) je čtrnáctá rouna starších a anglosaských futarků. Označuje zvuk [p]. ","Perth (ᛈ) ist die vierzehnte Rune des ältesten und angelsächsischen Futarks. Gibt den Ton [p] an. ","Перт (ᛈ) — четырнадцатая руна старшего и англосаксонского футарков. Обозначает звук [p]. ","Perth — ᛈ) czternasta runa starszego i anglosaskiego futarka. Oznacza dźwięk [p]. ","Perth (6) az idősebb és az angolszász Futhark tizennegyedik rúnája. Jelzi a hangot [p]. ","Perth (ᛈ) è la quattordicesima Runa dei Futhark anziani e anglosassoni. Indica il suono [p]. ","Perth (ᛈ) es la decimocuarta runa de los futarcos mayores y anglosajones. Significa sonido [p]. ","Perth (ᛈ) est la quatorzième rune de l'ancien et Anglo-Saxon Futhark. Indique le son [p]. ","珀斯（perth）是长老和盎格鲁-撒克逊富塔克的第十四个符文。 表示声音[p]。 ","パース（パース）は、長老とアングロサクソンのフサークの14番目のルーン文字です。 音[p]を示します。 ","Perth (пер) É a décima quarta Runa dos futarks mais velhos e anglo-saxões. É o som [p]. ","珀斯（perth）是长老和盎格鲁-撒克逊富塔克的第十四个符文。 表示声音[p]。 ",
"STR_RuneStone_KladesPamyati","The rune is a storehouse of memory","The rune is a storehouse of memory","Runa poklad paměti","Rune Speicherlager","Руна кладезь памяти","Runa magazyn pamięci","A rúna a memória raktára","Runa deposito di memoria","Runa el tesoro de la memoria","Trésor de mémoire rune","符文是记忆的仓库","ルーンは記憶の貯蔵庫です","Runa depósito de memória","符文是记忆的仓库",
"STR_RuneStone_Los","Moose Rune","Moose Rune","Runa losa","Elch-Rune","Руна лося","Runa łosia","Jávorszarvas Rúna","Runa dell'Alce","Runa de alce","Rune d'orignal","驼鹿符文","ムースルーン","Runa Alce","驼鹿符文",
"STR_RuneStone_Los1","Algiz (ᛉ) is the fifteenth rune of the elder and Anglo-Saxon Futhark, the sixteenth rune of the younger Futhark. In different footages. The elder runes.","Algiz (ᛉ) is the fifteenth rune of the elder and Anglo-Saxon Futhark, the sixteenth rune of the younger Futhark. In different footages. The elder runes.","Algiz (ᛉ) je patnáctá runa staršího a anglosaského futarka, šestnáctá runa mladšího futarka. V různých futarkách. Starší runy.","Algiz (ᛉ) ist die fünfzehnte Rune des älteren und angelsächsischen Futarks, die sechzehnte Rune des Junior Futarks. In verschiedenen Futarks. Ältere Runen.","Альгиз (ᛉ) — пятнадцатая руна старшего и англосаксонского футарка, шестнадцатая руна младшего футарка. В разных футарках. Старшие руны.","Algiz — ᛉ) piętnasta runa starszego i anglosaskiego futharka, szesnasta runa młodszego futharka. W różnych futarkach. Starsze Runy.","Az Algiz az idősebb és az angolszász Futhark tizenötödik rúnája, a fiatalabb Futhark tizenhatodik rúnája. Különböző felvételeken. Az idősebb rúnák.","Algiz (ᛉ) è la quindicesima runa del Futhark maggiore e anglosassone, la sedicesima runa del Futhark minore. In diversi Futhark. Rune Senior.","Algiz (ᛉ) es la decimoquinta runa del Futhark mayor y anglosajón, la decimosexta runa del Futhark menor. En diferentes futarks. Runas mayores.","Algis (ᛉ) est la quinzième rune de l'aîné et du futarka Anglo-Saxon, la seizième rune du futarka Junior. Dans différents futarks. Runes Seniors.","阿尔吉兹（algiz）是长老和盎格鲁-撒克逊富塔克的第十五个符文，是年轻的富塔克的第十六个符文。 以不同的步调。 长老符文。","アルギス（ᛉ）は、長老とアングロサクソンの15番目のルーンであり、若いフタルクの16番目のルーンです。 別の映像で。 長老のルーン。","Algiz (ᛉ) é a décima quinta runa do futarc mais velho e anglo-saxão, a décima sexta runa do futarc mais jovem. Em diferentes Futures. Runas maiores.","阿尔吉兹（algiz）是长老和盎格鲁-撒克逊富塔克的第十五个符文，是年轻的富塔克的第十六个符文。 以不同的步调。 长老符文。",
"STR_RuneStone_Nasledie","The legacy Rune","The legacy Rune","Runa dědictví","Rune Vermächtnis","Руна наследие","Rune Heritage","A legacy Rune","Eredità della runa","Patrimonio runa","Héritage rune","遗产符文","レガシールーン","Herança Runa","遗产符文",
"STR_RuneStone_Nasledie1","Odal (Otal, ᛟ) is the 24th rune of the elder, the 23rd rune of the Anglo-Saxon and younger runic alphabets.","Odal (Otal, ᛟ) is the 24th rune of the elder, the 23rd rune of the Anglo-Saxon and younger runic alphabets.","Odal (Otal, ᛟ) je 24.runa staršího, 23. runa anglosaské a mladší runové abecedy.","Odal (От) ist die 24. Rune des Ältesten, die 23. Rune des angelsächsischen und der jüngeren Runenalphabeten.","Одал (Отал, ᛟ) — 24-я руна старшего, 23-я руна англосаксонского и младшего рунического алфавитов.","Odal — Otal, ᛟ) 24-ta runa starszego, 23-ta runa anglosaskiego i młodszego alfabetu runicznego.","Az Odal (Otal) az idősebb 24.rúnája, az angolszász és a fiatalabb rúnás ábécé 23. rúnája.","Odal (Otal, ᛟ) è la 24a Runa dell'anziano, la 23a Runa degli alfabeti Runici anglosassoni e junior.","Odal (Otal, ᛟ) es la runa 24 de la mayor, la runa 23 de los alfabetos anglosajón y rúnico menor.","Odal (Otal, ᛟ) est la 24e rune de l'aîné, la 23e rune des alphabets Anglo-saxons et runiques mineurs.","奥达尔（Otal，ᛟ）是长老的第24个符文，盎格鲁-撒克逊和更年轻的符文字母的第23个符文。","オダル（オタル、ᛟ）は、長老の24番目のルーン文字であり、アングロサクソン人と若いルーン文字のアルファベットの23番目のルーン文字です。","Odal (Otal, ᛟ)-a 24ª runa do ancião, a 23ª runa do alfabeto rúnico anglo-saxão e o mais novo.","奥达尔（Otal，ᛟ）是长老的第24个符文，盎格鲁-撒克逊和更年轻的符文字母的第23个符文。",
"STR_RuneStone_Puti","The Rune of the Path","The Rune of the Path","Runa cesty","Rune des Weges","Руна пути","Runa drogi","Az út rúnája","Runa del percorso","Runa del camino","Rune du chemin","路径的符文","パスのルーン","Runa do caminho","路径的符文",
"STR_RuneStone_Puti1","The Path Rune paves the way, helping to overcome obstacles facing a walking person.","The Path Rune paves the way, helping to overcome obstacles facing a walking person.","Runa cestu dláždí a pomáhá překonávat překážky, které stojí před kráčejícím člověkem.","Rune ebnet den Weg und hilft dabei, Hindernisse zu überwinden, die vor einer gehenden Person stehen.","Руна Путь прокладывает дорогу, помогая преодолевать препятствия, встающие перед идущим человеком.","Runa ścieżka toruje drogę, pomagając pokonać przeszkody stojące przed idącą osobą.","Az út Rúna előkészíti az utat, segít leküzdeni a gyalogos személy előtt álló akadályokat.","Runa Path spiana la strada, aiutando a superare gli ostacoli di fronte a una persona che cammina.","El Camino de runa allana el camino, ayudando a superar los obstáculos que enfrenta la persona que camina.","Le chemin rune ouvre la route, aidant à surmonter les obstacles qui se dressent devant l'homme qui marche.","路径符文铺平了道路，有助于克服行走的人面临的障碍。","パスルーンは道を開き、歩く人が直面する障害を克服するのに役立ちます。","Runa o caminho Abre o caminho, ajudando a superar os obstáculos que se colocam na frente de uma pessoa andando.","路径符文铺平了道路，有助于克服行走的人面临的障碍。",
"STR_RuneStone_Solnce","The Sun Rune","The Sun Rune","Runa Slunce","Rune Sonne","Руна Солнце","Runa Słońce","A Nap Rúna","Runa Sole","Runa Sol","Rune Soleil","太阳符文","太陽のルーン","Runa Sol","太阳符文",
"STR_RuneStone_Solnce1","The Soul rune (Soul, Sol) is a symbol of victory, provides power, as well as integrity. In some sources, its meaning is defined as the final rune and this statement is correct","The Soul rune (Soul, Sol) is a symbol of victory, provides power, as well as integrity. In some sources, its meaning is defined as the final rune and this statement is correct","Runa Soul (Soul, Saul) je symbolem vítězství, poskytuje sílu i integritu. V některých zdrojích je její význam definován jako konečná runa a toto tvrzení je pravdivé","Die Rune von Saul (Soul, Sol) ist ein Symbol des Sieges, bietet Macht sowie Integrität. In einigen Quellen wird ihre Bedeutung als endgültige Rune definiert, und diese Aussage ist richtig","Руна Соулу (Соул, Сол) является символом победы, обеспечивает могущество, а также целостность. В некоторых источниках ее значение определяют в качестве итоговой руны и данное утверждение является верным","Runa soulu (Soul, Sol) jest symbolem zwycięstwa, zapewnia moc, a także integralność. W niektórych źródłach jego znaczenie określa się jako runę końcową, a to stwierdzenie jest prawdziwe","A lélek rúna (lélek, Sol) a győzelem szimbóluma, hatalmat, valamint integritást biztosít. Egyes forrásokban az értéke a végső rúna, és ez az állítás helyes","La runa Soulu (Soul, Sol) è un simbolo di vittoria, fornisce potere e integrità. In alcune fonti, il suo significato è definito come la runa finale e questa affermazione è vera","La runa soulu (Saul, Saul) es un símbolo de victoria, proporciona poder y integridad. En algunas Fuentes, su significado se define como la runa final y esta afirmación es cierta","La rune de Soul (Soul, Saul) est un symbole de victoire, assure la puissance, ainsi que l'intégrité. Dans certaines sources, sa valeur est déterminée comme la Ruse finale et cette déclaration est vraie","灵魂符文（灵魂，溶胶）是胜利的象征，提供力量，以及完整性。 在一些来源中，它的含义被定义为最终的符文，这种说法是正确的","魂のルーン（魂、ソル）は勝利の象徴であり、力と完全性を提供します。 いくつかの情報源では、その意味は最終的なルーンとして定義されており、この声明は正しいです","Runa Soul (Soul, sol) é um símbolo de vitória, fornece poder, bem como integridade. Em algumas fontes, seu valor é determinado como a runa final e essa afirmação é verdadeira","灵魂符文（灵魂，溶胶）是胜利的象征，提供力量，以及完整性。 在一些来源中，它的含义被定义为最终的符文，这种说法是正确的",
"STR_RuneStone_Tis","The Yew Rune","The Yew Rune","Runa Tisová","Rune Tis","Руна Тис","Runa CIS","A Tiszafa Rúna","Runa Tasso","Runa Tejo","Rune TIS","紫杉符文","イチイのルーン","Runa Tees","紫杉符文",
"STR_RuneStone_Tis1","Eyvaz, Ivaz or Eykhvaz (ᛇ) is the thirteenth rune of the elder and Anglo-Saxon Futhark. In the older futhark, it can mean the sound [æ] or the diphthong [eɪ]. The name means a type of tree - yew.","Eyvaz, Ivaz or Eykhvaz (ᛇ) is the thirteenth rune of the elder and Anglo-Saxon Futhark. In the older futhark, it can mean the sound [æ] or the diphthong [eɪ]. The name means a type of tree - yew.","Eivaz, Iwaz nebo Eichwaz (ᛇ) je třináctá runa starších a anglosaských futarků. Ve vyšším futarku může znamenat zvuk [æ] nebo dvojhláska [eɪ]. Název znamená druh stromů-tis.","Eywaz, Iwaz oder Eichwaz (ᛇ) ist die dreizehnte Rune des ältesten und angelsächsischen Futarks. Bei einem älteren Futarke kann es sich um einen Ton [æ] oder einen Diphthong [eɪ] handeln. Der Name bedeutet die Art der Bäume - Eibe.","Эйваз, Иваз или Эйхваз (ᛇ) — тринадцатая руна старшего и англосаксонского футарков. В старшем футарке может означать звук [æ] или дифтонг [eɪ]. Название означает вид деревьев - тис.","Eywaz, Iwaz lub Eywaz — ᛇ) trzynasta runa starszego i anglosaskiego futarka. W starszym Futhark może oznaczać dźwięk [æ] lub dyftong [eɪ]. Nazwa oznacza rodzaj drzew-CIS.","Az Eyvaz, az Ivaz vagy az eykhvaz (ons) az idősebb és az angolszász Futhark tizenharmadik rúnája. A régebbi futhark-ban ez jelentheti a hangot [ ++ ] vagy a diftongust [e++]. A név egyfajta fa-tiszafa.","Eyvaz, Iwaz o Eichvaz (ᛇ) è la tredicesima Runa dei Futhark anziani e anglosassoni. Nel Futhark più anziano può significare il suono [æ] o il dittongo [eɪ]. Il nome significa una specie di alberi-tasso.","Eivaz, Ivaz o Eichvaz (ᛇ) es la decimotercera runa de los futarcos mayores y anglosajones. En el Futhark mayor puede significar sonido [æ] o diptongo [eɪ]. El nombre significa una especie de árbol-tejo.","Eiwaz, Iwaz ou Eiwaz (ᛇ) est la treizième rune de l'ancien et Anglo-Saxon Futhark. Dans l'ancien futarka peut signifier son [æ] ou diphtongue [eɪ]. Le nom signifie une espèce d'arbres-if.","Eyvaz，Ivaz或Eykhvaz（ᛇ）是长老和盎格鲁-撒克逊富塔克的第十三个符文。 在较旧的福塔克，它可以意味着声音[æ]或diphthong[eə]。 这个名字的意思是一种树-红豆杉。","Eyvaz、Ivaz、またはEykhvaz（ə）は、長老とアングロサクソンのフサークの13番目のルーン文字です。 古いフサークでは、音[æ]または二重母音[e ə]を意味することができます。 名前は木の一種であるイチイを意味します。","Eivaz, Ivaz ou Eichvaz — ᛇ) é a décima terceira Runa dos futarks mais velhos e anglo-saxões. No futark mais velho, pode significar o som [æ] ou o ditongo [eɪ]. O nome significa tipo de árvore-teixo.","Eyvaz，Ivaz或Eykhvaz（ᛇ）是长老和盎格鲁-撒克逊富塔克的第十三个符文。 在较旧的福塔克，它可以意味着声音[æ]或diphthong[eə]。 这个名字的意思是一种树-红豆杉。",
"STR_RuneStone_Busk","The bull Rune","The bull Rune","Runa býk","Rune Stier","Руна бык","Runa byk","A bika Rúna","Runa toro","Runa Toro","Rune Bull","公牛符文","ブルルーン","Runa touro","公牛符文",
"STR_RuneStone_Busk1","Ur (ᚢ) is the second rune of the elder, younger and Anglo-Saxon Futhark. Denotes the sound [u] in the older and Anglo-Saxon futhark and can denote the sounds [u], [w], [ɔ] and [v] in the younger.","Ur (ᚢ) is the second rune of the elder, younger and Anglo-Saxon Futhark. Denotes the sound [u] in the older and Anglo-Saxon futhark and can denote the sounds [u], [w], [ɔ] and [v] in the younger.","Ur (ᚢ) je druhá runa staršího, mladšího a anglosaského futarka. Označuje zvuk [u] ve starším a anglosaském futarku a může označovat zvuky [u], [w], [ɔ] a [v] v mladším.","Ur (ᚢ) ist die zweite Rune des älteren, jüngeren und angelsächsischen Futarks. Steht für den Klang [u] im älteren und angelsächsischen Futarque und kann die Geräusche [u], [w], [ɔ] und [v] im jüngeren bezeichnen.","Ур (ᚢ) — вторая руна старшего, младшего и англосаксонского футарка. Обозначает звук [u] в старшем и англосаксонском футарке и может обозначать звуки [u], [w], [ɔ] и [v] в младшем.","Ur — ᚢ) to druga runa starszego, młodszego i anglosaskiego futharka. Oznacza dźwięk [u] w starszym i anglosaskim Futhark i może oznaczać Dźwięki [u], [w], [ɔ] I [v] w młodszym.","Az ur (ons) az idősebb, fiatalabb és angolszász Futhark második rúnája. Az [U] hangot jelöli az idősebb és az angolszász futhark esetében, és jelölheti az [u], [w], [CA] és [v] hangokat a fiatalabbaknál.","Ur (ᚢ) è la seconda runa del Futhark senior, junior e anglosassone. Denota il suono [u] nel Futhark più vecchio e anglosassone e può denotare i suoni [u], [w], [ɔ] E [v] nel più giovane.","Ur (ᚢ) es la segunda runa del Futhark mayor, menor y anglosajón. Denota el sonido [u] en el Futhark mayor y anglosajón, y puede denotar los sonidos [u], [w], [ɔ] y [v] en el menor.","Ur (ᚢ) est la deuxième rune du futarka senior, Junior et Anglo-Saxon. Désigne le son [u] en futarka senior et Anglo-Saxon et peut désigner les sons [u], [w], [ɔ] et [v] en Junior.","乌尔（ur）是长老，年轻和盎格鲁-撒克逊富萨克的第二个符文。 表示较老的和盎格鲁撒克逊人的声音[u]，可以表示较小的声音[u]、[w]、[u]和[v]。","ウル（ウル）は、長老、若い、アングロサクソンのフサークの2番目のルーン文字です。 音を表します[u]古いとアングロサクソンfutharkで、音を表すことができます[u],[w],[λ]と[v]若いです。","Ur (ᚢ) é a segunda runa do mais velho, mais jovem e do futarque anglo — saxão. Denota o som [u] no futark mais velho e anglo-saxão e pode denotar os sons [u], [w], [ɔ] e [v] no mais novo.","乌尔（ur）是长老，年轻和盎格鲁-撒克逊富萨克的第二个符文。 表示较老的和盎格鲁撒克逊人的声音[u]，可以表示较小的声音[u]、[w]、[u]和[v]。",
"STR_RuneStone_Cherepaha1","The Teivaz rune, which is in an inverted position, speaks of a depletion of energy and a decline in creative abilities.","The Teivaz rune, which is in an inverted position, speaks of a depletion of energy and a decline in creative abilities.","Runa Teyvaz, obrácená, mluví o vyčerpání energie a úpadku kreativity.","Rune Teyvaz, die sich in einer umgekehrten Position befindet, spricht von einer Erschöpfung der Energie und einem Rückgang der kreativen Fähigkeiten.","Руна Тейваз, находящаяся в перевернутом положении, говорит об истощении энергии и упадке творческих способностей.","Runa Teywaz, która jest odwrócona, mówi o wyczerpaniu energii i spadku kreatywności.","A fordított helyzetben lévő Teivaz rúna az energia kimerüléséről és a kreatív képességek csökkenéséről beszél.","Runa Teivaz, che si trova in una posizione invertita, parla di esaurimento di energia e declino della creatività.","La runa Teivaz, que se encuentra en una posición invertida, habla del agotamiento de la energía y la disminución de las habilidades creativas.","Rune Teivaz, qui est à l'envers, parle de l'épuisement de l'énergie et du déclin de la créativité.","处于倒置位置的Teivaz符文谈到了能量的枯竭和创造能力的下降。","逆の位置にあるTeivazルーン文字は、エネルギーの枯渇と創造的能力の低下について語っています。","A runa Teiwaz, que está em uma posição invertida, fala do esgotamento de energia e do declínio das habilidades criativas.","处于倒置位置的Teivaz符文谈到了能量的枯竭和创造能力的下降。",
"STR_RuneStone_Cherepaha","The turtle Rune","The turtle Rune","Runa želva","Schildkröte-Rune","Руна черепаха","Żółw Runiczny","A teknős Rúna","Tartaruga Runa","Runa tortuga","Rune tortue","龟符文","カメのルーン","Runa tartaruga","龟符文",
"STR_RuneStone_Kaban","The boar Rune","The boar Rune","Runa Caban","Rune Wildschwein","Руна кабан","Runa dzik","A vaddisznó Rúna","Runa cinghiale","Runa jabalí","Rune sanglier","野猪符文","イノシシのルーン","Runa javali","野猪符文",
"STR_RuneStone_Kaban1","INGUZ is a rune of great importance, and it can portend an event that will become a milestone on your life path","INGUZ is a rune of great importance, and it can portend an event that will become a milestone on your life path","Inguz-runa, která má velký význam a může předznamenat událost, která se stane milníkem na vaší životní cestě","INGUZ ist eine Rune, die von großer Bedeutung ist und ein Ereignis ankündigen kann, das ein Meilenstein auf deinem Lebensweg sein wird","ИНГУЗ — руна, имеющая большое значение, и она может предвещать событие, которое станет вехой на вашем жизненном пути","Inguz to runa o wielkim znaczeniu i może zwiastować wydarzenie, które będzie kamieniem milowym na twojej drodze życiowej","Az INGUZ nagy jelentőségű rúna, amely olyan eseményt jelenthet, amely mérföldkővé válik az életútján","Inguz è una runa di grande importanza e può presagire un evento che sarà una pietra miliare nel tuo percorso di vita","INGUZ es una runa de gran importancia y puede presagiar un evento que será un hito en el camino de tu vida","Inguz est une rune d'UNE grande importance et peut annoncer un événement qui deviendra un jalon sur votre chemin de vie","INGUZ是一个非常重要的符文，它可以预示一个事件，将成为你人生道路上的里程碑","イングスは非常に重要なルーン文字であり、それはあなたの人生の道のマイルストーンになるイベントの前兆となる可能性があります","Inguz-uma runa de grande importância, e pode pressagiar um evento que será um marco em sua jornada de vida","INGUZ是一个非常重要的符文，它可以预示一个事件，将成为你人生道路上的里程碑",
"STR_RuneStone_Medved","The bear Rune","The bear Rune","Runa medvěd","Rune Bär","Руна медведь","Niedźwiedź runa","A medve Rúna","Orso Runa","Runa oso","Ours rune","熊符文","クマのルーン","Urso Runa","熊符文",
"STR_RuneStone_Medved1","The meaning of the bear's hall is a harmonious combination of opposites.","The meaning of the bear's hall is a harmonious combination of opposites.","Význam medvědího rysa je harmonickým spojením protikladů.","Die Bedeutung des Bärenpalastes ist eine harmonische Verbindung von Gegensätzen.","Значение чертога медведя — это гармоничное соединение противоположностей.","Znaczenie pokoju niedźwiedzia to harmonijne połączenie przeciwieństw.","A medve terem jelentése az ellentétek harmonikus kombinációja.","Il significato del Palazzo dell'orso è una combinazione armoniosa di opposti.","El significado de la casa del oso es una combinación armoniosa de opuestos.","La signification du palais de l'ours est la connexion harmonieuse des contraires.","熊厅的意义是对立的和谐组合。","クマのホールの意味は、反対の調和のとれた組み合わせです。","O significado do Palácio do urso é uma conexão harmoniosa de opostos.","熊厅的意义是对立的和谐组合。",
"STR_RuneStone_Orel","The Eagle Rune","The Eagle Rune","Runa orel","Rune Adler","Руна орел","Runa Orzeł","Az Eagle Rune","Runa Aquila","Runa águila","Rune aigle","鹰符文","イーグルルーン","Runa águia","鹰符文",
"STR_RuneStone_Orel1","An amulet with the Eagle Hall rune is able to give its owner strength and self-confidence.","An amulet with the Eagle Hall rune is able to give its owner strength and self-confidence.","Amulet s runou orla je schopen dát svému majiteli sílu a sebevědomí.","Das Amulett mit der Rune der Adlerhalle kann seinem Besitzer Kraft und Selbstvertrauen schenken.","Амулет с руной чертога Орла способен подарить своему владельцу силу и уверенность в себе.","Amulet z runą pałacu orła jest w stanie dać właścicielowi siłę i pewność siebie.","Az Eagle Hall rúnával ellátott amulett képes erőt és önbizalmat adni tulajdonosának.","L'amuleto con la runa del Palazzo Dell'Aquila è in grado di dare al suo proprietario forza e fiducia in se stesso.","El amuleto con la runa del Palacio del águila es capaz de dar a su dueño fuerza y confianza en sí mismo.","L'amulette avec la Toison du palais de l'aigle est capable de donner à son propriétaire la force et la confiance en soi.","一个带有鹰厅符文的护身符能够给它的主人力量和自信。","イーグルホールルーン付きのお守りは、その所有者に強さと自信を与えることができます。","O amuleto com a runa do Palácio da águia é capaz de dar ao seu dono força e autoconfiança.","一个带有鹰厅符文的护身符能够给它的主人力量和自信。",
"STR_RuneStone_Osa","The wasp Rune","The wasp Rune","Runa vosa","Wespenrune","Руна оса","Runa osa","A darázs Rúna","Vespa Runa","Runa avispa","Rune guêpe","黄蜂符文","スズメバチのルーン","Runa Vespa","黄蜂符文",
"STR_RuneStone_Osa1","The Algiz rune is one of the best positive runes of the Elder Futhark.","The Algiz rune is one of the best positive runes of the Elder Futhark.","Runa Algiz je jedním z nejlepších pozitivních run staršího Futarka.","Die Rune Algiz ist eine der besten positiven Runen des älteren Futarks.","Руна Альгиз одна из лучших положительных рун Старшего Футарка.","Runa Algiz jest jedną z najlepszych pozytywnych Run starszego Futharka.","Az Algiz rúna az idősebb Futhark egyik legjobb pozitív rúnája.","La runa Algiz è una delle migliori rune positive Dell'anziano Futhark.","La runa de Algiz es una de las mejores runas positivas del Futhark Mayor.","Rune algiz est l'une des meilleures runes positives de l'Ancien futarka.","阿尔吉兹符文是福塔克长老最好的正面符文之一。","Algizルーンは、Futhark長老の最高のポジティブなルーンの1つです。","A runa Algiz é uma das melhores runas positivas do Velho Futhark.","阿尔吉兹符文是福塔克长老最好的正面符文之一。",
"STR_RuneStone_Tigr","Tiger Rune","Tiger Rune","Runa tygra","Tiger-Rune","Руна тигра","Runa tygrysa","Tigris Rúna","Runa della tigre","Runa del tigre","Rune du tigre","虎符文","虎のルーン","Runa tigre","虎符文",
"STR_RuneStone_Tigr1","The rune that is usually used with the tiger can be any one, but the most common is the Tiger rune.","The rune that is usually used with the tiger can be any one, but the most common is the Tiger rune.","Runa, která se běžně používá spolu s tygrem, může být jakákoli, ale nejčastěji se vyskytuje runa tygr.","Eine Rune, die normalerweise zusammen mit einem Tiger verwendet wird, kann jeder sein, aber die am häufigsten verwendete Rune ist ein Tiger.","Руна, которая обычно используется вместе с тигром, может быть любой, но наиболее часто встречается руна Тигр.","Runa, która jest zwykle używana razem z tygrysem, może być dowolna, ale najczęściej spotykaną runą jest tygrys.","A tigrisnél általában használt rúna bármelyik lehet, de a leggyakoribb a Tigris rúna.","Una runa comunemente usata insieme a una tigre può essere qualsiasi, ma la runa tigre è la più comune.","La runa que se usa comúnmente junto con el tigre puede ser cualquiera, pero la runa Tigre es la más común.","La rune qui est couramment utilisée avec le tigre peut être n'importe qui, mais la rune la plus courante Est le tigre.","通常与老虎一起使用的符文可以是任何一种，但最常见的是老虎符文。","虎と一緒に通常使用されるルーンはどれでもかまいませんが、最も一般的なのは虎のルーンです。","A runa que é comumente usada em conjunto com o tigre pode ser qualquer um, mas a runa mais comum é o tigre.","通常与老虎一起使用的符文可以是任何一种，但最常见的是老虎符文。",
"STR_RuneStone_Wolf","The Rune of the Wolf","The Rune of the Wolf","Runa vlka","Wolfsrune","Руна волка","Runa wilka","A farkas rúnája","Runa del lupo","Runa del lobo","Rune du loup","狼的符文","オオカミのルーン","Runa do lobo","狼的符文",
"STR_RuneStone_Wolf1","Often, a wolf's head is depicted at the ends of the rays, which shows the meaning of the rune and belonging to this animal.","Often, a wolf's head is depicted at the ends of the rays, which shows the meaning of the rune and belonging to this animal.","Často je na koncích paprsků zobrazena Vlčí hlava, která ukazuje význam runy a příslušnost k tomuto zvířeti.","Oft wird der Kopf eines Wolfes an den Enden der Strahlen dargestellt, der die Bedeutung der Rune und die Zugehörigkeit zu diesem Tier zeigt.","Нередко на концах лучей изображается голова волка, которая показывает значение руны и принадлежность к этому животному.","Często głowa wilka jest przedstawiona na końcach promieni, co pokazuje znaczenie runy i przynależność do tego zwierzęcia.","Gyakran egy Farkas fejét ábrázolják a sugarak végén, ami megmutatja a rúna jelentését, amely ehhez az állathoz tartozik.","Spesso alle estremità dei raggi è raffigurata la testa di un lupo, che mostra il significato della runa e l'appartenenza a questo animale.","A menudo, en los extremos de los rayos se representa la cabeza de un lobo, que muestra el significado de la runa y la pertenencia a este animal.","Souvent, aux extrémités des rayons, une tête de loup est représentée, ce qui montre la signification de la rune et l'appartenance à cet animal.","通常情况下，狼的头被描绘在光线的末端，这表明了符文的含义，属于这种动物。","多くの場合、オオカミの頭が光線の端に描かれており、ルーンの意味とこの動物に属していることを示しています。","Muitas vezes, a cabeça de um lobo é retratada nas extremidades dos raios, o que mostra o significado da runa e a pertença a este animal.","通常情况下，狼的头被描绘在光线的末端，这表明了符文的含义，属于这种动物。",
"STR_RuneStone_Zayac","Rune hare","Rune hare","Runa zajíc","Rune Hase","Руна заяц","Runa zając","Rune hare","Runa lepre","Runa liebre","Rune lièvre","符文野兔","ルーンハレ","Runa lebre","符文野兔",
"STR_RuneStone_Zayac1","The bunny is a solar fiery symbol, which contains life–giving power, contains all the power of the Genus, as well as the power of Truth","The bunny is a solar fiery symbol, which contains life–giving power, contains all the power of the Genus, as well as the power of Truth","Zajíček je solný ohnivý symbol, ve kterém je uvězněna živoucí síla, je uzavřena veškerá moc rodu a také síla pravdy","Der Hase ist ein sonniges Feuersymbol, in dem die lebensspendende Kraft, die gesamte Kraft der Gattung sowie die Kraft der Wahrheit eingeschlossen sind","Зайчик – это солярный огненный символ, в котором заключена животворящая сила, заключена вся мощь Рода, а также мощь Правды","Króliczek to słoneczny symbol ognia, w którym zawarta jest życiodajna moc, zawarta jest cała moc rodu, a także moc prawdy","A nyuszi egy szoláris tüzes szimbólum, amely tartalmazza az életet adó erőt, tartalmazza a nemzetség minden erejét, valamint az igazság erejét","Il coniglio è un simbolo di fuoco solare, in cui è racchiuso il potere vivificante, tutto il potere del genere è racchiuso, così come il potere della verità","El conejito es un símbolo de fuego solar, en el que se encierra el poder vivificante, se encierra todo el poder de la Raza, así como el poder de la Verdad","Le lapin est un symbole de feu solaire, dans lequel la force vivifiante est enfermée, toute la puissance de la Race est enfermée, ainsi que la puissance de la Vérité","兔子是一个太阳火热的象征，它包含了赋予生命的力量，包含了属的所有力量，以及真理的力量","バニーは太陽の燃えるようなシンボルであり、生命を与える力を含み、属のすべての力と真実の力を含んでいます","O coelho é o símbolo do fogo solar, no qual está contido o poder vivificante, está contido todo o poder da raça, bem como o poder da verdade","兔子是一个太阳火热的象征，它包含了赋予生命的力量，包含了属的所有力量，以及真理的力量",
"STR_RuneStone_Zmey","Snake Rune","Snake Rune","Runa hada","Rune der Schlange","Руна змеи","Runa węża","Kígyó Rúna","Runa del serpente","Runa de serpiente","Rune de serpent","蛇符文","スネークルーン","Cobra Runa","蛇符文",
"STR_RuneStone_Zmey1","The Ior rune symbolizes the World Serpent Jormungand, or Midgardsorm. The rune carries its streams and manifestations.","The Ior rune symbolizes the World Serpent Jormungand, or Midgardsorm. The rune carries its streams and manifestations.","Runa IOR symbolizuje světového hada Jormunganda neboli Midgardsorma. Runa nese jeho proudy a projevy.","Die Ior-Rune symbolisiert die Weltschlange Yormunganda oder Midgardsorma. Die Rune trägt seine Ströme und Manifestationen.","Руна Иор символизирует Мирового змея Йормунганда, или Мидгардсорма. Руна несёт его потоки и проявления.","Runa IOR symbolizuje Światowego węża Jormunganda lub Midgardsorma. Runa niesie jego przepływy i manifestacje.","Az Ior rúna a Jormungand Világkígyót vagy a Midgardsormot szimbolizálja. A rúna hordozza patakjait és megnyilvánulásait.","La runa Ior simboleggia il serpente Mondiale Jormunganda, o Midgardsorma. La runa porta i suoi flussi e manifestazioni.","La runa IOR simboliza la serpiente del mundo jormungand, o Midgardsorm. La runa lleva sus corrientes y manifestaciones.","La rune de Jor symbolise le serpent Mondial de jormungand, ou Midgardsorm. La rune porte ses flux et ses manifestations.","Ior符文象征着世界蛇Jormungand，或Midgardsorm。 符文携带它的流和表现。","Iorルーンは、世界の蛇Jormungand、またはMidgardsormを象徴しています。 ルーンはその流れと現れを運びます。","Runa IOR simboliza a serpente Mundial Jormunganda, ou Midgardsorm. A runa carrega seus fluxos e manifestações.","Ior符文象征着世界蛇Jormungand，或Midgardsorm。 符文携带它的流和表现。",
"STR_Magic_Hatchet","Runic Axe","Runic Axe","Runová sekera","Runen-Axt","Рунический топор","Topór Runiczny","Runic Axe","Ascia runica","Hacha rúnica","Hache runique","符文斧","ルーン斧","Machado Rúnico","符文斧",
"STR_Magic_Hatchet1","An axe reinforced with rune stones","An axe reinforced with rune stones","Sekera vyztužená kameny runy","Eine mit Runensteinen verstärkte Axt","Топор, усиленный с помощью камней рун","Topór wzmocniony kamieniami Run","Rúnakövekkel megerősített fejsze","Ascia rinforzata con pietre runiche","Hacha reforzada con piedras de runa","Hache renforcée avec des pierres runiques","用符文石加固的斧头","ルーン石で補強された斧","Machado reforçado com pedras de runa","用符文石加固的斧头",
"STR_Magic_Knife","Runic knife","Runic knife","Nůž runový","Runenmesser","Нож рунический","Nóż Runiczny","Runic kés","Coltello Runico","Cuchillo rúnico","Couteau runique","符文刀","ルーンナイフ","Faca rúnica","符文刀",
"STR_Magic_Knife1","The runic knife, due to the influence of runes, received higher strength and speed of cutting flesh","The runic knife, due to the influence of runes, received higher strength and speed of cutting flesh","Nůž je runový, díky vlivu run získal vyšší pevnost a rychlost řezu masa","Das Runenmesser erhielt aufgrund des Einflusses der Runen eine höhere Festigkeit und Schnittgeschwindigkeit des Fleisches","Нож рунический, за счет влияния рун получил более высокую прочность и скорость разрезания плоти","Nóż Runiczny, dzięki wpływowi Run uzyskał większą wytrzymałość i szybkość cięcia ciała","A rúna kés, a rúnák hatása miatt, nagyobb erőt és sebességet kapott a hús vágásához","Coltello Runico, a causa dell'influenza delle rune, ha ricevuto una maggiore resistenza e velocità di taglio della carne","El cuchillo rúnico, debido a la influencia de las runas, recibió una mayor resistencia y velocidad de corte de la carne","Le couteau runique, en raison de l'influence des runes, a obtenu une plus grande résistance et une vitesse de coupe de la chair","符文刀，由于符文的影响，获得了更高的力量和切肉的速度","ルーンの影響により、ルーンナイフはより高い強度と肉の切断速度を受け取りました","A faca rúnica, devido à influência das runas, recebeu maior resistência e velocidade de corte da carne","符文刀，由于符文的影响，获得了更高的力量和切肉的速度",
"STR_Magic_Sword","The Runic Sword","The Runic Sword","Meč runový","Runenschwert","Меч рунический","Miecz Runiczny","A Runic Sword","Spada runica","Espada rúnica","Épée runique","符文剑","ルーンの剣","Espada rúnica","符文剑",
"STR_Magic_Sword1","The runic sword, due to the influence of runes, received a higher strength","The runic sword, due to the influence of runes, received a higher strength","Meč je runový, díky vlivu run získal vyšší pevnost","Das Runenschwert erhielt aufgrund des Einflusses der Runen eine höhere Festigkeit","Меч рунический, за счет влияния рун получил более высокую прочность","Miecz Runiczny, dzięki wpływowi Run zyskał większą wytrzymałość","A rúna kard a rúnák hatása miatt nagyobb erőt kapott","La spada runica, a causa dell'influenza delle rune, ha ricevuto una maggiore resistenza","La espada rúnica, debido a la influencia de las runas recibió una mayor resistencia","L'épée runique, en raison de l'influence des runes, a reçu une plus grande résistance","符文剑，由于符文的影响，获得了更高的力量","ルーンの影響により、ルーンの剣はより高い強度を受けました","A espada rúnica, devido à influência das runas, recebeu maior força","符文剑，由于符文的影响，获得了更高的力量",
"STR_Magic_Hammer","Runic Hammer","Runic Hammer","Kladivo Runové","Runenhammer","Молот рунический","Młot Runiczny","Runic Hammer","Martello Runico","Martillo rúnico","Marteau runique","符文锤","ルーンハンマー","Martelo Rúnico","符文锤",
"STR_Magic_Hammer1","The runic hammer, due to the influence of runes, received a higher strength","The runic hammer, due to the influence of runes, received a higher strength","Kladivo je Runové, díky vlivu run získalo vyšší pevnost","Der Runenhammer hat aufgrund des Einflusses der Runen eine höhere Festigkeit erhalten","Молот рунический, за счет влияния рун получил более высокую прочность","Młot Runiczny, dzięki wpływowi Run zyskał większą wytrzymałość","A rúna kalapács a rúnák hatása miatt nagyobb erőt kapott","Martello Runico, a causa dell'influenza delle rune, ha ricevuto una maggiore resistenza","Martillo rúnico, debido a la influencia de las runas recibió una mayor resistencia","Marteau runique, en raison de l'influence des runes a obtenu une plus grande résistance","符文锤，由于符文的影响，获得了更高的强度","ルーンの影響により、ルーンハンマーはより高い強度を受けました","Martelo Rúnico, devido à influência das runas recebeu maior resistência","符文锤，由于符文的影响，获得了更高的强度",
"STR_CraftRunes1","Use runes","Use runes","Použít runy","Runen verwenden","Использовать руны","Użyj Run","Használja rúnák","Usa le rune","Usar runas","Utiliser des runes","使用符文","ルーンを使う","Usar runas","使用符文",
"STR_CraftRunes2","Use stones to create a totem","Use stones to create a totem","Použít kameny k vytvoření totemu","Verwenden Sie Steine, um ein Totem zu erstellen","Использовать камни для создания тотема","Użyj kamieni do stworzenia totemu","Használjon köveket egy totem létrehozásához","Usa le pietre per creare un totem","Usa piedras para crear un tótem","Utiliser des pierres pour créer un totem","使用石头创建图腾","石を使ってトーテムを作る","Usar pedras para criar um totem","使用石头创建图腾",
"STR_CraftRunes3","Use totems to strengthen the hammer","Use totems to strengthen the hammer","Použijte totemy k zesílení kladiva","Verwenden Sie Totems, um den Hammer zu verstärken","Использовать тотемы для усиления молотка","Użyj totemów, aby wzmocnić młotek","Használja totemek, hogy erősítse a kalapács","Usa i totem per potenziare il martello","Usar tótems para fortalecer el martillo","Utilisez des totems pour renforcer votre marteau","使用图腾强化锤子","トーテムを使ってハンマーを強化する","Use totens para fortalecer o martelo","使用图腾强化锤子",
"STR_CraftRunes4","Use totems to strengthen the sword","Use totems to strengthen the sword","Použijte totemy k posílení meče","Verwenden Sie Totems, um das Schwert zu verstärken","Использовать тотемы для усиления меча","Użyj totemów, aby wzmocnić miecz","Használja totemek, hogy erősítse a kard","Usa i totem per potenziare la spada","Usar tótems para mejorar la espada","Utilisez des totems pour renforcer votre épée","使用图腾强化剑","トーテムを使って剣を強化する","Usar totens para aumentar a espada","使用图腾强化剑",
"STR_CraftRunes5","Use totems to strengthen the knife","Use totems to strengthen the knife","Použijte totemy k posílení nože","Verwenden Sie Totems, um das Messer zu verstärken","Использовать тотемы для усиления ножа","Użyj totemów, aby wzmocnić nóż","Használja a totemeket a kés megerősítéséhez","Usa i totem per potenziare il coltello","Usar tótems para reforzar el cuchillo","Utilisez des totems pour renforcer le couteau","使用图腾强化刀","トーテムを使ってナイフを強化する","Usar totens para reforçar a faca","使用图腾强化刀",
"STR_CraftRunes6","Use totems to strengthen the hammer","Use totems to strengthen the hammer","Použijte totemy k zesílení kladiva","Verwenden Sie Totems, um den Hammer zu verstärken","Использовать тотемы для усиления молотка","Użyj totemów, aby wzmocnić młotek","Használja totemek, hogy erősítse a kalapács","Usa i totem per potenziare il martello","Usar tótems para fortalecer el martillo","Utilisez des totems pour renforcer votre marteau","使用图腾强化锤子","トーテムを使ってハンマーを強化する","Use totens para fortalecer o martelo","使用图腾强化锤子",
"STR_MSFZ_mine","To mine runes","To mine runes","Těžit runy","Runen abbauen","Добывать руны","Wydobywać Runy","Az enyém rúnák","Ottenere rune","Extraer runas","Extraire des runes","挖掘符文","ルーンを採掘する","Minerar Runas","挖掘符文",
"STR_MSFZ_minegood","It turned out to extract the rune:","It turned out to extract the rune:","Podařilo se vytáhnout runu:","Es hat sich herausgestellt, die Rune zu entfernen:","Получилось извлечь руну:","Udało się wydobyć runę:","Kiderült, hogy kivonja a rúnát:","È stato possibile estrarre la runa:","Consiguió extraer la runa:","J'ai réussi à extraire la rune:","原来是提取符文:","ルーンを抽出することが判明しました:","Consegui tirar a runa.:","原来是提取符文:",
"STR_MSFZ_minefiasko","The altar has not yet accumulated enough energy to be able to mine runes","The altar has not yet accumulated enough energy to be able to mine runes","Oltář zatím nashromáždil dostatek energie pro možnost těžby run","Der Altar hat noch nicht genug Energie gesammelt, um Runen abzubauen","Алтарь еще накопил недостаточно энергии для возможности добычи рун","Ołtarz jeszcze nie zgromadził wystarczającej ilości energii, aby móc wydobywać Runy","Az oltár még nem halmozott fel elegendő energiát ahhoz, hogy rúnákat bányászhasson","L'altare non ha ancora accumulato abbastanza energia per la possibilità di estrarre le rune","El altar aún no ha acumulado suficiente energía para poder extraer runas","L'autel n'a pas encore accumulé suffisamment d'énergie pour pouvoir extraire des runes","祭坛还没有积累足够的能量来开采符文","祭壇はまだルーン文字を採掘するのに十分なエネルギーを蓄積していません","O altar ainda não tem energia suficiente para extrair Runas","祭坛还没有积累足够的能量来开采符文",
"STR_MSFZ_minefiaskotime","The accumulation of energy has begun","The accumulation of energy has begun","Začala akumulace energie","Die Energiespeicherung hat begonnen","Началось накопление энергии","Zaczęło się magazynowanie energii","Megkezdődött az energia felhalmozódása","Inizia l'accumulo di energia","Comenzó el almacenamiento de energía","Le stockage d'énergie a commencé","能量的积累已经开始","エネルギーの蓄積が始まりました","Começou o armazenamento de energia","能量的积累已经开始",
"STR_Ricar_Head","The Dark One's Helmet","The Dark One's Helmet","Přilba Tmavá","Helm des Dunklen","Шлем Темного","Kask Dark","A sötét sisakja","Casco Scuro","Casco Oscuro","Casque Sombre","黑暗者的头盔","ダークワンのヘルメット","Capacete Escuro","黑暗者的头盔",
"STR_Ricar_Steak","Dark Steak","Dark Steak","Tmavý Steak","Dunkles Steak","Стейк Темного","Stek Ciemny","Sötét Steak","Bistecca Scura","Filete Oscuro","Steak Sombre","黑牛排","ダークステーキ","Bife Escuro","黑牛排",
"STR_MSFZ_Ricar","The Dark Henchman","The Dark Henchman","Temný nohsled","Dunkler Schergen","Темный приспешник","Mroczny poplecznik","A Sötét Csatlós","Scagnozzo Oscuro","Esbirro oscuro","Dark sbires","黑暗的心腹","ダークヘンチマン","Asseclas sombrias","黑暗的心腹",
"STR_Troll","The Troll's Hand","The Troll's Hand","Ruka Trolla","Hand des Trolls","Рука Троля","Ręka Trolla","A Troll keze","Mano Di Troll","La Mano Del Troll","La Main Du Troll","巨魔的手","トロールの手","A Mão Do Troll","巨魔的手",
"STR_Troll1","The hand of the Cave Troll","The hand of the Cave Troll","Ruka jeskynního trolla","Hand des Höhlentrools","Рука пещерного троля","Ręka jaskiniowego trolla","A barlang troll keze","La mano del troll delle caverne","Mano de hombre de las cavernas de control","La main du troll des cavernes","洞穴巨魔之手","洞窟のトロールの手","A mão do Troll das cavernas","洞穴巨魔之手",
"STR_TrollSteak","Troll Steak","Troll Steak","Steak z trolla","Trollsteak","Стейк из троля","Stek z trolla","Troll Steak","Bistecca di troll","Filete de trol","Steak troll","巨魔牛排","トロルステーキ","Bife de troll","巨魔牛排",
"STR_TrollSteak1","Steak from the cave troll","Steak from the cave troll","Steak z jeskynního trolla","Höhlentrollsteak","Стейк из пещерного троля","Stek z trolla jaskiniowego","Steak a barlangból troll","Bistecca di troll delle caverne","Filete de trol cavernoso","Steak troll des cavernes","洞穴巨魔的牛排","洞窟のトロールからのステーキ","Bife do Troll das cavernas","洞穴巨魔的牛排",
"STR_MSFZ_Troll","The Cave Troll","The Cave Troll","Jeskynní troll","Höhlentroll","Пещерный троль","Jaskiniowy TROL","A Barlang Troll","Troll delle caverne","Trol de las cavernas","Troll des cavernes","洞穴巨魔","洞窟のトロール","O troll das cavernas","洞穴巨魔",
"STR_Crossbow_BoltStack","Arrows for a rune crossbow","Arrows for a rune crossbow","Šípy pro Run kuše","Pfeile für Rune Armbrust","Стрелы для рунного арбалета","Strzały do kuszy runicznej","Nyilak egy rúna számszeríjhoz","Frecce per balestra runica","Flechas de Ballesta rúnica","Flèches pour arbalète runique","符文弩箭","ルーンクロスボウのための矢","Setas para Rune Crossbow","符文弩箭",
"STR_Crossbow_BoltStack_text","Arrows for a rune crossbow. Under the influence of runes, it would seem that ordinary arrows have become much more powerful ","Arrows for a rune crossbow. Under the influence of runes, it would seem that ordinary arrows have become much more powerful ","Šípy pro Run kuše. Pod vlivem Run se zdánlivě obyčejné šípy staly mnohem silnějšími ","Pfeile für eine Rune-Armbrust. Unter dem Einfluss von Runen scheinen gewöhnliche Pfeile viel mächtiger geworden zu sein ","Стрелы для рунного арбалета. Под воздействием рун казалось бы обычные стрелы стали намного мощнее ","Strzały do kuszy runicznej. Pod wpływem Run wydawałoby się, że zwykłe strzały stały się znacznie potężniejsze ","Nyilak egy rúna számszeríjhoz. A rúnák hatása alatt úgy tűnik, hogy a közönséges nyilak sokkal erősebbé váltak ","Frecce per balestra runica. Sotto l'influenza delle rune, le frecce apparentemente ordinarie divennero molto più potenti ","Flechas para Ballesta rúnica. Bajo la influencia de las runas, las flechas aparentemente ordinarias se volvieron mucho más poderosas ","Flèches pour l'arbalète runique. Sous l'influence des runes, les flèches apparemment ordinaires sont devenues beaucoup plus puissantes ","箭的符文弩。 在符文的影响下，普通的箭似乎变得更加强大 ","ルーンクロスボウのための矢。 ルーンの影響を受けて、普通の矢がはるかに強力になっているように思われます ","Flechas para uma besta rúnica. Sob a influência das runas, flechas aparentemente comuns se tornaram muito mais poderosas ","箭的符文弩。 在符文的影响下，普通的箭似乎变得更加强大 ",
"STR_Crossbow_BoltStack_AP_text","The arrows are advanced for the rune crossbow. Under the influence of runes, it would seem that ordinary arrows have become much more powerful ","The arrows are advanced for the rune crossbow. Under the influence of runes, it would seem that ordinary arrows have become much more powerful ","Šípy pokročilé pro Run kuše. Pod vlivem Run se zdánlivě obyčejné šípy staly mnohem silnějšími ","Pfeile sind für eine Runenbrust fortgeschritten. Unter dem Einfluss von Runen scheinen gewöhnliche Pfeile viel mächtiger geworden zu sein ","Стрелы продвинутые для рунного арбалета. Под воздействием рун казалось бы обычные стрелы стали намного мощнее ","Strzały zaawansowane do kuszy runicznej. Pod wpływem Run wydawałoby się, że zwykłe strzały stały się znacznie potężniejsze ","A nyilak előrehaladtak a rúna számszeríjhoz. A rúnák hatása alatt úgy tűnik, hogy a közönséges nyilak sokkal erősebbé váltak ","Frecce avanzate per balestra runica. Sotto l'influenza delle rune, le frecce apparentemente ordinarie divennero molto più potenti ","Flechas avanzadas para Ballesta rúnica. Bajo la influencia de las runas, las flechas aparentemente ordinarias se volvieron mucho más poderosas ","Les flèches sont avancées pour l'arbalète runique. Sous l'influence des runes, les flèches apparemment ordinaires sont devenues beaucoup plus puissantes ","箭头是先进的符文弩。 在符文的影响下，普通的箭似乎变得更加强大 ","矢印はルーンクロスボウのために進められています。 ルーンの影響を受けて、普通の矢がはるかに強力になっているように思われます ","Flechas avançadas para a besta Runa. Sob a influência das runas, flechas aparentemente comuns se tornaram muito mais poderosas ","箭头是先进的符文弩。 在符文的影响下，普通的箭似乎变得更加强大 ",
"STR_Crossbow_BoltStack_AP","Advanced arrows for the rune crossbow","Advanced arrows for the rune crossbow","Šípy pokročilé pro Run kuše","Fortgeschrittene Pfeile für Runenbrust","Стрелы продвинутые для рунного арбалета","Strzały zaawansowane do kuszy runicznej","Speciális nyilak a rúna számszeríjhoz","Frecce avanzate per balestra runica","Flechas avanzadas para Ballesta rúnica","Flèches avancées pour arbalète runique","符文弩的高级箭","ルーンクロスボウのための高度な矢","Setas avançadas para Rune Crossbow","符文弩的高级箭",
"STR_Crossbow_Mag_10Rnd","A bunch of rune crossbow arrows 10 pieces","A bunch of rune crossbow arrows 10 pieces","Svazek šípů run kuše 10 kusů","Bündel von Runenbrustpfeilen 10 Stück","Связка стрел рунного арбалета 10 штук","Grot strzał runicznych kuszy 10 sztuk","Egy csomó rúna számszeríj nyilak 10 darab","Fascio di frecce di balestra runica 10 pezzi","Paquete de flechas de Ballesta rúnica 10 piezas","Paquet de flèches d'arbalète runique 10 pièces","一堆符文弩箭10枚","ルーンクロスボウの矢の束10個","Conjunto de flechas de besta Rune 10 peças","一堆符文弩箭10枚",
"STR_Crossbow_Mag_10Rnd_text","A bunch of 10 rune crossbow arrows. They allow you to fire faster, sending it directly to the crossbow","A bunch of 10 rune crossbow arrows. They allow you to fire faster, sending it directly to the crossbow","Svazek šípů run kuše 10 kusů. Umožňuje vám střílet rychleji, dostat se přímo do kuše","Bündel von Pfeilen einer Runenbrust von 10 Stück. Ermöglicht es Ihnen, schneller zu feuern und sofort in die Armbrust zu gelangen","Связка стрел рунного арбалета 10 штук. Позволяют вести огонь быстрее, досылаясь сразу в арбалет","Wiązka strzał kuszy runicznej 10 sztuk. Pozwalają strzelać szybciej, wysyłając natychmiast do kuszy","Egy csomó 10 rúna számszeríj nyilak. Lehetővé teszik, hogy gyorsabban tüzeljen, közvetlenül a számszeríjra küldve","Fascio di frecce di balestra runica 10 pezzi. Ti permettono di sparare più velocemente, arrivando immediatamente alla balestra","Un montón de flechas de Ballesta rúnica de 10 piezas. Le permiten disparar más rápido, yendo directamente a la Ballesta","Tas de flèches d'arbalète runique 10 pièces. Vous permettent de tirer plus rapidement, en envoyant immédiatement à l'arbalète","一堆10个符文弩箭。 它们可以让你更快地开火，直接把它送到弩上","10ルーンクロスボウの矢の束。 彼らはあなたがより速く発射することを可能にし、それをクロスボウに直接送ります","Conjunto de flechas de besta rúnica 10 mil. Permite disparar mais rápido, indo direto para a besta","一堆10个符文弩箭。 它们可以让你更快地开火，直接把它送到弩上",
"STR_Crossbow_Mag_25Rnd_text","A bunch of rune crossbow arrows of 25 pieces. They allow you to fire faster, sending it directly to the crossbow","A bunch of rune crossbow arrows of 25 pieces. They allow you to fire faster, sending it directly to the crossbow","Svazek šípů run kuše 25 kusů. Umožňuje vám střílet rychleji, dostat se přímo do kuše","Bündel von Rune Armbrust Pfeile 25 Stück. Ermöglicht es Ihnen, schneller zu feuern und sofort in die Armbrust zu gelangen","Связка стрел рунного арбалета 25 штук. Позволяют вести огонь быстрее, досылаясь сразу в арбалет","Wiązka strzał kuszy runicznej 25 sztuk. Pozwalają strzelać szybciej, wysyłając natychmiast do kuszy","Egy csomó rúna számszeríj nyilak 25 darab. Lehetővé teszik, hogy gyorsabban tüzeljen, közvetlenül a számszeríjra küldve","Fascio di frecce di balestra runica 25 pezzi. Ti permettono di sparare più velocemente, arrivando immediatamente alla balestra","Un montón de flechas de Ballesta rúnica de 25 piezas. Le permiten disparar más rápido, yendo directamente a la Ballesta","Paquet de flèches d'arbalète runique 25 pièces. Vous permettent de tirer plus rapidement, en envoyant immédiatement à l'arbalète","一堆符文弩箭25枚。 它们可以让你更快地开火，直接把它送到弩上","ルーンクロスボウの矢25個の束。 彼らはあなたがより速く発射することを可能にし、それをクロスボウに直接送ります","Conjunto de flechas de besta rúnica 25 mil. Permite disparar mais rápido, indo direto para a besta","一堆符文弩箭25枚。 它们可以让你更快地开火，直接把它送到弩上",
"STR_Crossbow_Mag_50Rnd_text","A bunch of 50 rune crossbow arrows. They allow you to fire faster, sending it directly to the crossbow","A bunch of 50 rune crossbow arrows. They allow you to fire faster, sending it directly to the crossbow","Svazek šípů run kuše 50 kusů. Umožňuje vám střílet rychleji, dostat se přímo do kuše","Bündel von Pfeilen einer Runenbrust 50 Stück. Ermöglicht es Ihnen, schneller zu feuern und sofort in die Armbrust zu gelangen","Связка стрел рунного арбалета 50 штук. Позволяют вести огонь быстрее, досылаясь сразу в арбалет","Wiązka strzał kuszy runicznej 50 sztuk. Pozwalają strzelać szybciej, wysyłając natychmiast do kuszy","Egy csomó 50 rúna nyílpuska. Lehetővé teszik, hogy gyorsabban tüzeljen, közvetlenül a számszeríjra küldve","Fascio di frecce di balestra runica 50 pezzi. Ti permettono di sparare più velocemente, arrivando immediatamente alla balestra","Un montón de flechas de Ballesta rúnica de 50 piezas. Le permiten disparar más rápido, yendo directamente a la Ballesta","Un tas de flèches de l'arbalète runique 50 pièces. Vous permettent de tirer plus rapidement, en envoyant immédiatement à l'arbalète","一堆50个符文弩箭。 它们可以让你更快地开火，直接把它送到弩上","50ルーンクロスボウの矢の束。 彼らはあなたがより速く発射することを可能にし、それをクロスボウに直接送ります","Conjunto de flechas de besta rúnica 50 mil. Permite disparar mais rápido, indo direto para a besta","一堆50个符文弩箭。 它们可以让你更快地开火，直接把它送到弩上",
"STR_Crossbow_AP_Mag_10Rnd_text","A bunch of 10 advanced rune crossbow arrows. They allow you to fire faster, sending it directly to the crossbow","A bunch of 10 advanced rune crossbow arrows. They allow you to fire faster, sending it directly to the crossbow","Svazek pokročilých šípů Runové kuše 10 kusů. Umožňuje vám střílet rychleji, dostat se přímo do kuše","Bündel von fortgeschrittenen Pfeilen einer Runenbrust von 10 Stück. Ermöglicht es Ihnen, schneller zu feuern und sofort in die Armbrust zu gelangen","Связка продвинутых стрел рунного арбалета 10 штук. Позволяют вести огонь быстрее, досылаясь сразу в арбалет","Pakiet zaawansowanych strzał kuszy runicznej 10 sztuk. Pozwalają strzelać szybciej, wysyłając natychmiast do kuszy","Egy csomó 10 fejlett rúna számszeríj nyilak. Lehetővé teszik, hogy gyorsabban tüzeljen, közvetlenül a számszeríjra küldve","Un mazzo di frecce avanzate di balestra runica 10 pezzi. Ti permettono di sparare più velocemente, arrivando immediatamente alla balestra","Un montón de flechas avanzadas de Ballesta rúnica 10 piezas. Le permiten disparar más rápido, yendo directamente a la Ballesta","Tas de flèches avancées de l'arbalète runique 10 pièces. Vous permettent de tirer plus rapidement, en envoyant immédiatement à l'arbalète","一堆10个高级符文弩箭。 它们可以让你更快地开火，直接把它送到弩上","10の高度なルーンクロスボウの矢の束。 彼らはあなたがより速く発射することを可能にし、それをクロスボウに直接送ります","Pacote avançado de flechas rúnica besta de 10 peças. Permite disparar mais rápido, indo direto para a besta","一堆10个高级符文弩箭。 它们可以让你更快地开火，直接把它送到弩上",
"STR_Crossbow_AP_Mag_25Rnd_text","A bundle of 25 advanced rune crossbow arrows. They allow you to fire faster, sending it directly to the crossbow","A bundle of 25 advanced rune crossbow arrows. They allow you to fire faster, sending it directly to the crossbow","Svazek pokročilých šípů Runové kuše 25 kusů. Umožňuje vám střílet rychleji, dostat se přímo do kuše","Bündel von fortgeschrittenen Pfeilen einer Runenbrust mit 25 Stück. Ermöglicht es Ihnen, schneller zu feuern und sofort in die Armbrust zu gelangen","Связка продвинутых стрел рунного арбалета 25 штук. Позволяют вести огонь быстрее, досылаясь сразу в арбалет","Pakiet zaawansowanych strzał kuszy runicznej 25 sztuk. Pozwalają strzelać szybciej, wysyłając natychmiast do kuszy","Egy köteg 25 fejlett rúna számszeríj nyilak. Lehetővé teszik, hogy gyorsabban tüzeljen, közvetlenül a számszeríjra küldve","Un mazzo di frecce avanzate di balestra runica 25 pezzi. Ti permettono di sparare più velocemente, arrivando immediatamente alla balestra","Un montón de flechas avanzadas de Ballesta rúnica 25 piezas. Le permiten disparar más rápido, yendo directamente a la Ballesta","Un tas de flèches avancées de l'arbalète runique 25 pièces. Vous permettent de tirer plus rapidement, en envoyant immédiatement à l'arbalète","一束25支高级符文弩箭。 它们可以让你更快地开火，直接把它送到弩上","25の高度なルーンクロスボウの矢の束。 彼らはあなたがより速く発射することを可能にし、それをクロスボウに直接送ります","Conjunto de flechas avançadas de besta Rune 25 mil. Permite disparar mais rápido, indo direto para a besta","一束25支高级符文弩箭。 它们可以让你更快地开火，直接把它送到弩上",
"STR_Crossbow_AP_Mag_50Rnd_text","A bundle of 50 advanced rune crossbow arrows. They allow you to fire faster, sending it directly to the crossbow","A bundle of 50 advanced rune crossbow arrows. They allow you to fire faster, sending it directly to the crossbow","Svazek pokročilých šípů Runové kuše 50 kusů. Umožňuje vám střílet rychleji, dostat se přímo do kuše","Bündel von fortgeschrittenen Pfeilen einer Runenbrust mit 50 Stück. Ermöglicht es Ihnen, schneller zu feuern und sofort in die Armbrust zu gelangen","Связка продвинутых стрел рунного арбалета 50 штук. Позволяют вести огонь быстрее, досылаясь сразу в арбалет","Pakiet zaawansowanych strzał runicznych kuszy 50 sztuk. Pozwalają strzelać szybciej, wysyłając natychmiast do kuszy","Egy köteg 50 fejlett rúna számszeríj nyilak. Lehetővé teszik, hogy gyorsabban tüzeljen, közvetlenül a számszeríjra küldve","Un mazzo di frecce avanzate di balestra runica 50 pezzi. Ti permettono di sparare più velocemente, arrivando immediatamente alla balestra","Un montón de flechas avanzadas de Ballesta rúnica 50 piezas. Le permiten disparar más rápido, yendo directamente a la Ballesta","Un tas de flèches avancées de l'arbalète runique 50 pièces. Vous permettent de tirer plus rapidement, en envoyant immédiatement à l'arbalète","一束50支高级符文弩箭。 它们可以让你更快地开火，直接把它送到弩上","50の高度なルーンクロスボウの矢の束。 彼らはあなたがより速く発射することを可能にし、それをクロスボウに直接送ります","Conjunto de flechas avançadas de besta Rune 50 mil. Permite disparar mais rápido, indo direto para a besta","一束50支高级符文弩箭。 它们可以让你更快地开火，直接把它送到弩上",
"STR_Crossbow_AP_Mag_50Rnd","A bunch of advanced rune crossbow arrows 50 pieces","A bunch of advanced rune crossbow arrows 50 pieces","Svazek pokročilých šípů run kuše 50 kusů","Bündel von erweiterten Runenbrustpfeilen 50 Stück","Связка продвинутых стрел рунного арбалета 50 штук","Wiązka zaawansowanych strzał runicznych kuszy 50 sztuk","Egy csomó fejlett rúna számszeríj nyilak 50 darab","Fascio di frecce avanzate di balestra runica 50 pezzi","Paquete de flechas avanzadas de Ballesta rúnica 50 piezas","Paquet de flèches avancées d'arbalète runique 50 pièces","一堆高级符文弩箭50枚","高度なルーンクロスボウの矢の束50個","Conjunto de flechas avançadas de besta Rune 50 peças","一堆高级符文弩箭50枚",
"STR_Crossbow_AP_Mag_25Rnd","A bunch of advanced rune crossbow arrows 20 pieces","A bunch of advanced rune crossbow arrows 20 pieces","Svazek pokročilých šípů run kuše 20 kusů","Bündel von fortgeschrittenen Pfeilen der Rune Armbrust 20 Stück","Связка продвинутых стрел рунного арбалета 20 штук","Wiązka zaawansowanych strzał runicznych kuszy 20 sztuk","Egy csomó fejlett rúna számszeríj nyilak 20 darab","Fascio di frecce avanzate di balestra runica 20 pezzi","Paquete de flechas de Ballesta rúnica avanzada 20 piezas","Paquet de flèches avancées d'arbalète runique 20 pièces","一堆高级符文弩箭20枚","高度なルーンクロスボウの矢の束20個","Conjunto de flechas avançadas de besta Rune 20 peças","一堆高级符文弩箭20枚",
"STR_Crossbow_AP_Mag_10Rnd","A bunch of advanced rune crossbow arrows 10 pieces","A bunch of advanced rune crossbow arrows 10 pieces","Svazek pokročilých šípů run kuše 10 kusů","Bündel von erweiterten Runenbrustpfeilen 10 Stück","Связка продвинутых стрел рунного арбалета 10 штук","Wiązka zaawansowanych strzał runicznych kuszy 10 sztuk","Egy csomó fejlett rúna számszeríj nyilak 10 darab","Fascio di frecce avanzate di balestra runica 10 pezzi","Paquete de flechas avanzadas de Ballesta rúnica 10 piezas","Paquet de flèches avancées d'arbalète runique 10 pièces","一堆高级符文弩箭10枚","高度なルーンクロスボウの矢の束10個","Conjunto de flechas avançadas de besta Rune 10 peças","一堆高级符文弩箭10枚",
"STR_Crossbow_Mag_50Rnd","A bunch of rune crossbow arrows 50 pieces","A bunch of rune crossbow arrows 50 pieces","Svazek šípů run kuše 50 kusů","Bündel von Pfeilen der Runenbrust 50 Stück","Связка стрел рунного арбалета 50 штук","Grot strzał runicznych kuszy 50 sztuk","Egy csomó rúna számszeríj nyilak 50 darab","Fascio di frecce di balestra runica 50 pezzi","Paquete de flechas de Ballesta rúnica 50 piezas","Paquet de flèches d'arbalète runique 50 pièces","一堆符文弩箭50枚","ルーンクロスボウの矢の束50個","Conjunto de flechas de besta Run 50 peças","一堆符文弩箭50枚",
"STR_Crossbow_Mag_25Rnd","A bunch of rune crossbow arrows 25 pieces","A bunch of rune crossbow arrows 25 pieces","Svazek šípů run kuše 25 kusů","Bündel von Runenbrustpfeilen 25 Stück","Связка стрел рунного арбалета 25 штук","Wiązka strzał runicznych kuszy 25 sztuk","Egy csomó rúna számszeríj nyilak 25 darab","Fascio di frecce di balestra runica 25 pezzi","Paquete de flechas de Ballesta rúnica 25 piezas","Paquet de flèches d'arbalète runique 25 pièces","一堆符文弩箭25枚","ルーンクロスボウの矢の束25個","Conjunto de flechas de besta Run 25 peças","一堆符文弩箭25枚",
"STR_MSFZ_Crossbow","Rune Crossbow","Rune Crossbow","Run kuši","Rune Armbrust","Рунный арбалет","Kusza runiczna","Rune Crossbow","Balestra runica","Ballesta rúnica","Arbalète runique","符文弩","ルーンクロスボウ","Crossbow Run","符文弩",
"STR_MSFZ_Crossbow1","Rune crossbow, shoots only special arrows made from special runes and splinter paws","Rune crossbow, shoots only special arrows made from special runes and splinter paws","Run kuše, střílí pouze speciální šípy vyrobené ze speciálních run a tlapek třísky","Rune Armbrust, schießt nur mit speziellen Pfeilen, die aus speziellen Runen und Splitter-Pfoten hergestellt sind","Рунный арбалет, стреляет только специальными стрелами изготовленными из специальных рун и лап занозы","Kusza runiczna, strzela tylko specjalnymi strzałami wykonanymi ze specjalnych Run i łap drzazgi","Rune számszeríj, lő csak speciális nyilak készült speciális rúnák és szilánk mancsok","Balestra runica, spara solo frecce speciali fatte di rune speciali e zampe di scheggia","Ballesta rúnica, dispara solo flechas especiales hechas de runas especiales y patas de astilla","Arbalète runique, ne tire que des flèches spéciales faites de runes spéciales et les pattes de l'écharde","符文弩，只射击由特殊符文和碎片爪子制成的特殊箭头","ルーンクロスボウ、特別なルーンと破片の足から作られた特別な矢だけを撃ちます","Besta Runa, dispara apenas flechas especiais feitas de runas especiais e lascas de patas","符文弩，只射击由特殊符文和碎片爪子制成的特殊箭头",
"STR_CraftBoltStack","Make Rune arrows","Make Rune arrows","Vytvořte Runové šípy","Runenpfeile machen","Сделать рунные стрелы","Zrób strzały runiczne","Készítsen Rúna nyilakat","Crea frecce runiche","Hacer flechas rúnicas","Faire des flèches runiques","制作符文箭","ルーンの矢を作る","Faça flechas rúnicas","制作符文箭",
"STR_CraftBoltStack_AP","Make advanced rune arrows","Make advanced rune arrows","Vytvořte pokročilé Runové šípy","Machen Sie fortgeschrittene Runenpfeile","Сделать продвинутые рунные стрелы","Twórz zaawansowane strzały runiczne","Készítsen fejlett rúna nyilakat","Crea frecce runiche avanzate","Hacer flechas rúnicas avanzadas","Faire des flèches runiques avancées","制作高级符文箭头","高度なルーンの矢を作る","Faça flechas rúnicas avançadas","制作高级符文箭头",
"STR_CraftMSFZ_Crossbow","Rune Crossbow","Rune Crossbow","Run kuši","Rune Armbrust","Рунный арбалет","Kusza runiczna","Rune Crossbow","Balestra runica","Ballesta rúnica","Arbalète runique","符文弩","ルーンクロスボウ","Crossbow Run","符文弩",
"STR_teleport_to_obelisk","Use a teleporter","Use a teleporter","Použít teleport","Teleport verwenden","Использовать телепорт","Użyj teleportu","Teleportáló használata","Usa il teletrasporto","Usar teletransportador","Utiliser le téléport","使用传送器","テレポーターを使う","Usar o teletransporte","使用传送器",
"STR_MSFZ_teleportation","Use a teleporter","Use a teleporter","Použít teleport","Teleport verwenden","Использовать телепорт","Użyj teleportu","Teleportáló használata","Usa il teletrasporto","Usar teletransportador","Utiliser le téléport","使用传送器","テレポーターを使う","Usar o teletransporte","使用传送器",
